音	品名	大きさ・材質等	ごみの種類	諸注意
あ	IHクッキングヒーター		燃やさないごみ（金属ごみ）	
あ	ＩＣレコーダー		燃やさないごみ（金属ごみ）	
あ	アイスクリームのカップ容器	プラスチック製	資源（容プラ）	
あ	アイスクリームのカップ容器	紙製	燃やすごみ	
あ	アイスノン		燃やすごみ	
あ	アイスピック		燃やさないごみ（埋立ごみ）	先端部を紙で包み「危険」と表示して他のごみと分ける
あ	アイロン		燃やさないごみ（金属ごみ）	
あ	アイロン台	８０％以上金属製	燃やさないごみ（金属ごみ）	
あ	アイロン台	上記以外　70㎝以下　足がついてないもの	燃やすごみ	
あ	アイロン台	上記以外	燃やさないごみ（埋立ごみ）	
あ	アコーディオンカーテン	７０㎝超える	有料粗大ごみ	
あ	アコーディオンカーテン	７０㎝以下	燃やさないごみ（埋立ごみ）	
あ	足こぎ四輪車（幼児用）	８０％以上金属製	燃やさないごみ（金属ごみ）	「不用品」と必ず表示
あ	足こぎ四輪車（幼児用）	電動	燃やさないごみ（金属ごみ）	
あ	足こぎ四輪車（幼児用）	上記以外　７０㎝以下	燃やすごみ	
あ	足ふきマット	７０㎝超える	有料粗大ごみ	広げた状態の大きさで区分
あ	足ふきマット	７０㎝以下	燃やすごみ	
あ	アダプター（各種電気製品用）		燃やさないごみ（金属ごみ）	
あ	油（食用）のボトル	ガラス製	あきびん	キャップを外してひと洗い
あ	油（食用）のボトル	プラスチック製	資源（容プラ）	
あ	雨どい	７０㎝超える	燃やさないごみ（埋立ごみ）	
あ	雨どい	７０㎝以下	燃やすごみ	
あ	編み機		燃やさないごみ（金属ごみ）	
あ	網戸	８０％以上金属製	燃やさないごみ（金属ごみ）	増改築に伴うものは請け負った業者に処分してもらう
あ	網戸	上記以外	燃やさないごみ（埋立ごみ）	
あ	アルバム		燃やすごみ	金具類はなるべく外してあき缶以外の金属に出す
あ	アルミ缶		資源（あき缶）	ひと洗いする・つぶさない・たばこの吸いがらなどを入れない
あ	アルミサッシ		燃やさないごみ（金属ごみ）	増改築に伴うものは請け負った業者に処分してもらう
あ	アルミ箔		燃やすごみ	
あ	アルミ箔の芯		燃やすごみ	
あ	アルミホイール（自動車用）		燃やさないごみ（金属ごみ）	タイヤは市で収集しません
あ	泡立て器		燃やさないごみ（金属ごみ）	
あ	安全ピン	８０％以上金属製	燃やさないごみ（金属ごみ）	
あ	安全ピン	上記以外	燃やすごみ	
あ	アンテナ（テレビ・BS・CSなど）		燃やさないごみ（金属ごみ）	
あ	アンプ		燃やさないごみ（金属ごみ）	
い	ＥＴＣ車載ユニット		燃やさないごみ（金属ごみ）	
い	石		市で収集しない	専門業者に処分を依頼してください
い	衣装掛け	８０％以上金属製	燃やさないごみ（金属ごみ）	
い	衣装掛け	上記以外　７０㎝超える	有料粗大ごみ	
い	衣装掛け	上記以外　７０㎝以下	燃やすごみ	
い	衣装ケース	８０％以上金属製	燃やさないごみ（金属ごみ）	
い	衣装ケース	上記以外　７０㎝超える	有料粗大ごみ	
い	衣装ケース	上記以外　７０㎝以下	燃やすごみ	
い	いす	８０％以上金属製	燃やさないごみ（金属ごみ）	
い	いす	上記以外　７０㎝超える	有料粗大ごみ	
い	いす	上記以外　７０㎝以下	燃やすごみ	
い	板ガラス		燃やさないごみ（埋立ごみ）	
い	板きれ	７０㎝超える	燃やさないごみ（埋立ごみ）	増改築に伴うものは請け負った業者に処分してもらう
い	板きれ	７０㎝以下	燃やすごみ	太さ10ｃｍ程度・ひもでしばって束ねて１回３束程度を目安に多い場合は有料戸別収集で
い	いちごケース		資源（容プラ）	
い	一輪車		燃やさないごみ（金属ごみ）	「不用品」と必ず表示
い	一升びん		あきびん	酒屋さんなどへ返しましょう・キャップを外してひと洗い
い	衣類		燃やすごみ	
い	衣類乾燥機		市で収集しない	郵便局で家電リサイクル券を購入し、指定引取場所へ
い	衣類乾燥機台		燃やさないごみ（金属ごみ）	
い	インクカートリッジ		燃やすごみ	なるべく販売店にひき取ってもらってください
い	インクリボン		燃やすごみ	なるべく販売店にひき取ってもらってください
い	インスタント食品のプラスチック容器		資源（容プラ）	
い	インスタントラーメンの袋		資源（容プラ）	
い	インテリアライト		燃やさないごみ（金属ごみ）	
う	ウィスキーのびん		あきびん	キャップを外してひと洗い
う	ウインドファン	窓用換気扇	燃やさないごみ（金属ごみ）	窓用エアコンは家電リサイクル品のため専門の業者で処分してもらってください
う	植木台	８０％以上金属製	燃やさないごみ（金属ごみ）	
う	植木台	上記以外　７０㎝超える	燃やさないごみ（埋立ごみ）	
う	植木台	上記以外　７０㎝以下	燃やすごみ	
う	植木鉢	陶器製	燃やさないごみ（埋立ごみ）	
う	植木鉢	プラスチック製	燃やすごみ	
う	植木鉢	苗木ポット	資源（容プラ）	ひと洗いして土を落としてください
う	ウォーキングマシン		燃やさないごみ（金属ごみ）	
う	ウォーターサーバー		資源（フロン回収製品）	「フロン回収製品」または「冷水器」と表示してください
う	ウォシュレット		燃やさないごみ（金属ごみ）	増改築に伴うものは請け負った業者に処分してもらう
う	浮き輪	７０㎝超える	燃やさないごみ（埋立ごみ）	空気を抜いて
う	浮き輪	７０㎝以下	燃やすごみ	
う	臼	５５㎏以上	市で収集しない	購入した店または専門の業者で処分してもらってください
う	臼	５５㎏未満	燃やさないごみ（埋立ごみ）	
う	ウッドカーペット	７０㎝超える	有料粗大ごみ	広げた状態の大きさで区分
う	ウッドカーペット	７０㎝以下	燃やすごみ	
う	乳母車	７０㎝超える	有料粗大ごみ	
う	乳母車	７０㎝以下	燃やさないごみ（埋立ごみ）	
う	運搬用一輪車		燃やさないごみ（金属ごみ）	
え	ＡＣアダプタ		燃やさないごみ（金属ごみ）	
え	ＭＤプレーヤー		燃やさないごみ（金属ごみ）	
え	エアコン		市で収集しない	郵便局で家電リサイクル券を購入し、指定引取場所へ
え	液晶ディスプレイ（パソコン用）		市で収集しない	各製造メーカーに処分を申し込むか、市の資源搬入コーナーに持込んでください
え	液晶テレビ		市で収集しない	郵便局で家電リサイクル券を購入し、指定引取場所へ
え	枝きれ（７０㎝超）	７０㎝超える	燃やさないごみ（埋立ごみ）	ひもでしばって束ねて１回３束程度を目安に・多い場合は有料戸別収集で
え	枝きれ（７０㎝超）	７０㎝以下	燃やすごみ	太さ10ｃｍ程度・ひもでしばって束ねて１回３束程度を目安に・多い場合は有料戸別収集で
え	枝豆のネット		資源（容プラ）	
え	ＬＥＤ蛍光灯・ＬＥＤ電球		燃やさないごみ（埋立ごみ）	※LEDには、水銀は使用されていません
え	エンジンオイル		市で収集しない	専門業者に処分を依頼してください　廃油処理箱（専用の処理をしたもの）は燃やすごみへ
え	縁台	８０％以上金属製	燃やさないごみ（金属ごみ）	
え	縁台	上記以外　７０㎝超える	燃やさないごみ（埋立ごみ）	
え	縁台	上記以外　７０㎝以下	燃やすごみ	
え	延長コード		燃やさないごみ（金属ごみ）	
え	煙突（ストーブ用）	８０％以上金属製	燃やさないごみ（金属ごみ）	
え	鉛筆削り	電動	燃やさないごみ（金属ごみ）	
え	鉛筆削り	上記以外	燃やすごみ	
お	オイル（エンジン等）		市で収集しない	専門業者に処分を依頼してください　廃油処理箱（専用の処理をしたもの）は燃やすごみへ
お	オイル缶		燃やさないごみ（金属ごみ）	中身が残っているものは市で収集しませんので専門業者に処分を依頼してください
お	オイルヒーター		燃やさないごみ（金属ごみ）	中のオイルが残っていても、けっこうです
お	大型金庫		市で収集しない	購入した店または専門の業者で処分してもらってください
お	王冠	８０％以上金属製	資源（あき缶）	
お	王冠	プラスチック製	資源（容プラ）	
お	オーディオラック	８０％以上金属製	燃やさないごみ（金属ごみ）	
お	オーディオラック	上記以外　７０㎝超える	有料粗大ごみ	
お	オーディオラック	上記以外　７０㎝以下	燃やすごみ	
お	オーブン		燃やさないごみ（金属ごみ）	
お	オーブントースター		燃やさないごみ（金属ごみ）	
お	オーブンレンジ		燃やさないごみ（金属ごみ）	
お	お菓子の缶	２５㎝以上	燃やさないごみ（金属ごみ）	
お	お菓子の缶	２５㎝未満	資源（あき缶）	
お	桶	８０％以上金属製	燃やさないごみ（金属ごみ）	
お	桶	７０㎝超える	燃やさないごみ（埋立ごみ）	
お	桶	７０㎝以下	燃やすごみ	
お	押し入れだんす	７０㎝超える	有料粗大ごみ	
お	押し入れだんす	７０㎝以下	燃やすごみ	
お	押しピン	８０％以上金属製	燃やさないごみ（金属ごみ）	封筒などにいれて、「危険」と書く　　
お	押しピン	頭がプラスチックのもの	燃やさないごみ（埋立ごみ）	
お	落ち葉		燃やすごみ	１回３袋程度を目安に・多い場合は有料戸別収集で
お	おまる(幼児用）		燃やすごみ	汚物はトイレに捨てる
お	おむつ		燃やすごみ	汚物はトイレに捨てる
お	おもちゃ	８０％以上金属製	燃やさないごみ（金属ごみ）	
お	おもちゃ	電動	燃やさないごみ（金属ごみ）	
お	おもちゃ	上記以外　７０㎝超える	燃やさないごみ（埋立ごみ）	
お	おもちゃ	上記以外　７０㎝以下	燃やすごみ	
お	折りたたみいす	８０％以上金属製	燃やさないごみ（金属ごみ）	
お	折りたたみいす	上記以外　７０㎝超える	有料粗大ごみ	
お	折りたたみいす	上記以外　７０㎝以下	燃やすごみ	
お	折りたたみテーブル	８０％以上金属製	燃やさないごみ（金属ごみ）	
お	折りたたみテーブル	上記以外　７０㎝超える	有料粗大ごみ	
お	折りたたみテーブル	上記以外　７０㎝以下のもの、ガラス製	燃やさないごみ（埋立ごみ）	
お	折りたたみテーブル	上記以外	燃やすごみ	
お	オルガン	７０㎝超える	有料粗大ごみ	
お	オルガン	７０㎝以下	燃やさないごみ（埋立ごみ）	
お	オルゴール	８０％以上金属製	燃やさないごみ（金属ごみ）	
お	オルゴール	上記以外	燃やさないごみ（埋立ごみ）	
お	温水洗浄機付便座		燃やさないごみ（金属ごみ）	増改築に伴うものは請け負った業者に処分してもらう
お	温度計	水銀を含む	資源（水銀含有製品）	
お	温度計	上記以外	燃やさないごみ（金属ごみ）	
お	温風機		燃やさないごみ（金属ごみ）	
お	温冷庫		市で収集しない	郵便局で家電リサイクル券を購入し、指定引取場所へ
か	カーカラーテレビ		燃やさないごみ（金属ごみ）	
か	カーＣＤプレーヤー		燃やさないごみ（金属ごみ）	
か	カーステレオ		燃やさないごみ（金属ごみ）	
か	カーテン	７０㎝超える	燃やさないごみ（埋立ごみ）	広げた状態の大きさで区分
か	カーテン	７０㎝以下	燃やすごみ	
か	カーテンレール	８０％以上金属製	燃やさないごみ（金属ごみ）	
か	カーテンレール	上記以外　７０㎝超える	有料粗大ごみ	
か	カーテンレール	上記以外　７０㎝以下	燃やすごみ	
か	カーナビゲーションシステム		燃やさないごみ（金属ごみ）	
か	カーペット	７０㎝超える	有料粗大ごみ	広げた状態の大きさで区分
か	カーペット	７０㎝以下	燃やすごみ	
か	カーボン紙		燃やすごみ	
か	カーラジオ		燃やさないごみ（金属ごみ）	
か	貝殻	食べ残し	燃やすごみ	
か	貝殻	置物等　上記以外	燃やさないごみ（埋立ごみ）	
か	懐中電灯		燃やさないごみ（金属ごみ）	電池はとる
か	回転ハンガー	８０％以上金属製	燃やさないごみ（金属ごみ）	
か	回転ハンガー	上記以外　７０㎝超える	有料粗大ごみ	
か	回転ハンガー	上記以外　７０㎝以下	燃やすごみ	
か	カイロ（懐炉）	８０％以上金属製	燃やさないごみ（金属ごみ）	
か	カイロ（懐炉）	使い捨て	燃やさないごみ（埋立ごみ）	
か	鏡	７０㎝超える	有料粗大ごみ	
か	鏡	７０㎝以下	燃やさないごみ（埋立ごみ）	
か	学習机	８０％以上金属製	燃やさないごみ（金属ごみ）	
か	学習机	上記以外　７０㎝超える	有料粗大ごみ	
か	学習机	上記以外　７０㎝以下	燃やすごみ	
か	額縁	８０％以上金属製	燃やさないごみ（金属ごみ）	
か	額縁	上記以外	燃やさないごみ（埋立ごみ）	はめ込み板がプラスチック製であれば、燃やすごみ
か	傘		燃やさないごみ（埋立ごみ）	
か	傘立て	プラスチック製	燃やすごみ	
か	傘立て	陶器製	燃やさないごみ（埋立ごみ）	
か	傘立て	８０％以上金属製	燃やさないごみ（金属ごみ）	
か	傘の布	ビニール製	燃やすごみ	
か	傘のほね	金属製	燃やさないごみ（金属ごみ）	
か	加湿器		燃やさないごみ（金属ごみ）	
か	菓子の袋		資源（容プラ）	裏が銀色でも対象
か	菓子のプラスチック容器		資源（容プラ）	汚れがとれないものは、燃やすごみ
か	菓子箱		燃やすごみ	できるだけ、各校下・地区の集団回収をご利用ください
か	ガスオーブン・ガスオーブンレンジ		燃やさないごみ（金属ごみ）	
か	ガス釜		燃やさないごみ（金属ごみ）	
か	ガスコンロ		燃やさないごみ（金属ごみ）	
か	ガスストーブ		燃やさないごみ（金属ごみ）	
か	ガス台	８０％以上金属製	燃やさないごみ（金属ごみ）	
か	ガス台	上記以外　７０㎝超える	有料粗大ごみ	
か	ガス台	上記以外　７０㎝以下	燃やさないごみ（埋立ごみ）	
か	ガステーブル		燃やさないごみ（金属ごみ）	
か	ガスレンジ		燃やさないごみ（金属ごみ）	電池はとる
か	カセットコンロ		燃やさないごみ（金属ごみ）	ボンベは外す
か	カセットテープ		燃やすごみ	
か	カセットテープのケース		燃やすごみ	
か	カセットデッキ		燃やさないごみ（金属ごみ）	
か	カセットボンベ		資源（カセットボンベ）	使い切ってから火気のない屋外で穴をあける
か	ガソリン		市で収集しない	専門業者に処分を依頼してください
か	カッターナイフ		燃やさないごみ（金属ごみ）	紙で包み「危険」と表示して他のごみと分ける
か	カップ酒のびん		あきびん	キャップを外してひと洗い
か	カップ麺の包装フィルム		資源（容プラ）	
か	カップ麺の容器	プラスチック製	資源（容プラ）	
か	カップ麺の容器	上記以外	燃やすごみ	
か	かつら		燃やすごみ	
か	家庭用焼却炉	８０％以上金属製	燃やさないごみ（金属ごみ）	
か	家庭用焼却炉	上記以外　７０㎝超える	有料粗大ごみ	
か	家庭用焼却炉	上記以外　７０㎝以下	燃やさないごみ（埋立ごみ）	
か	金網（バーベキュー用）		燃やさないごみ（金属ごみ）	
か	かなづち	８０％以上金属製	燃やさないごみ（金属ごみ）	
か	かなづち	上記以外	燃やさないごみ（埋立ごみ）	
か	かばん（アタッシュケース）	８０％以上金属製	燃やさないごみ（金属ごみ）	
か	かばん（アタッシュケース）	革製	燃やすごみ	
か	かばん（アタッシュケース）	ナイロン製	燃やすごみ	
か	かばん（アタッシュケース）	ビニール製	燃やすごみ	塩化ビニル製のものは埋立ごみへ
か	かばん（アタッシュケース）	上記以外	燃やすごみ	
か	花瓶		燃やさないごみ（埋立ごみ）	
か	鎌	８０％以上金属製	燃やさないごみ（金属ごみ）	紙で包み「危険」と表示して他のごみと分ける
か	鎌	上記以外	燃やさないごみ（埋立ごみ）	
か	紙おむつ		燃やすごみ	汚物はトイレに捨てる
か	紙くず		燃やすごみ	
か	カミソリ	８０％以上金属製	燃やさないごみ（金属ごみ）	紙で包み「危険」と表示して他のごみと分ける
か	カミソリ	上記以外	燃やすごみ	
か	神棚	７０㎝超える	燃やさないごみ（埋立ごみ）	
か	神棚	７０㎝以下	燃やすごみ	
か	紙パック	裏がアルミ処理されているもの	燃やすごみ	
か	紙パック	上記以外	燃やすごみ	各校下・地区の集団回収もご利用ください（水で洗って切り開き乾かす）
か	カメラ		燃やさないごみ（金属ごみ）	
か	カメラケース		燃やすごみ	
か	カラーボックス	７０㎝超える	有料粗大ごみ	
か	カラーボックス	７０㎝以下	燃やすごみ	
か	カラオケ演奏装置		燃やさないごみ（金属ごみ）	
か	ガラス製品		燃やさないごみ（埋立ごみ）	
か	軽石		燃やさないごみ（埋立ごみ）	
か	革靴		燃やすごみ	
か	皮むき器	８０％以上金属製	燃やさないごみ（金属ごみ）	
か	皮むき器	プラスチック製	燃やすごみ	
か	瓦		燃やさないごみ（埋立ごみ）	増改築に伴うものは請け負った業者に処分してもらう
か	缶	一斗缶	燃やさないごみ（金属ごみ）	
か	缶	飲料缶・缶詰	資源（あき缶）	
か	缶	オイル	燃やさないごみ（金属ごみ）	中身が残っているものは市で収集しませんので専門業者に処分を依頼してください
か	缶	２５㎝以上	燃やさないごみ（金属ごみ）	
か	缶	２５㎝未満	資源（あき缶）	
か	缶	酒缶・燗のできるもの	資源（あき缶）	
か	缶	スプレー缶	資源（スプレー缶）	使い切ってから火気のない屋外で穴をあける
か	簡易トイレ		燃やすごみ	汚物はトイレに捨てる
か	換気扇		燃やさないごみ（金属ごみ）	
か	換気扇カバー	プラスチック製	燃やすごみ	
か	缶切り		燃やさないごみ（金属ごみ）	
か	乾燥機	衣類用	市で収集しない	郵便局で家電リサイクル券を購入し、指定引取場所へ
か	乾燥機	食器用	燃やさないごみ（金属ごみ）	
か	乾燥機	布団用	燃やさないごみ（金属ごみ）	
か	乾燥剤		燃やすごみ	
か	乾電池		資源（水銀含有製品）	
か	かんな		燃やさないごみ（埋立ごみ）	
か	感熱紙		燃やすごみ	
き	キーボード		燃やさないごみ（金属ごみ）	
き	危険物		市で収集しない	専門業者に処分を依頼してください
き	ギター	７０㎝超える	有料粗大ごみ	
き	ギター	電動	燃やさないごみ（金属ごみ）	
き	ギター	７０㎝以下	燃やすごみ	
き	ギターケース	７０㎝超える	燃やさないごみ（埋立ごみ）	
き	ギターケース	７０㎝以下	燃やすごみ	
き	キックボード	８０％以上金属製	燃やさないごみ（金属ごみ）	
き	キックボード	上記以外	燃やさないごみ（埋立ごみ）	
き	キッチン収納棚	８０％以上金属製	燃やさないごみ（金属ごみ）	
き	キッチン収納棚	上記以外　７０㎝超える	有料粗大ごみ	
き	キッチン収納棚	上記以外　７０㎝以下	燃やすごみ	扉や戸がガラスのものは、埋立ごみへ
き	キッチンマット	７０㎝超える	有料粗大ごみ	広げた状態の大きさで区分
き	キッチンマット	７０㎝以下	燃やすごみ	
き	杵		燃やさないごみ（埋立ごみ）	
き	脚立	８０％以上金属製	燃やさないごみ（金属ごみ）	
き	脚立	上記以外　７０㎝超える	燃やさないごみ（埋立ごみ）	
き	脚立	上記以外　７０㎝以下	燃やすごみ	
き	キャスターハンガー	８０％以上金属製	燃やさないごみ（金属ごみ）	
き	キャスターハンガー	上記以外　７０㎝超える	有料粗大ごみ	
き	キャスターハンガー	上記以外　７０㎝以下	燃やすごみ	
き	キャップ	８０％以上金属製	資源（あき缶）	
き	キャップ	プラスチック製	資源（容プラ）	
き	キャップ	上記以外	燃やすごみ	
き	キャビネット	８０％以上金属製	燃やさないごみ（金属ごみ）	
き	キャビネット	上記以外　７０㎝超える	有料粗大ごみ	
き	キャビネット	上記以外　７０㎝以下	燃やすごみ	扉や戸がガラスのものは、埋立ごみへ
き	キャリアー	８０％以上金属製	燃やさないごみ（金属ごみ）	
き	キャリアー	上記以外	燃やさないごみ（埋立ごみ）	７０㎝を超えるルーフボックスは有料粗大ごみ
き	急須	８０％以上金属製	燃やさないごみ（金属ごみ）	
き	急須	プラスチック製	燃やすごみ	
き	急須	上記以外	燃やさないごみ（埋立ごみ）	
き	給湯器		燃やさないごみ（金属ごみ）	電池はとる
き	牛乳パック		燃やすごみ	各校下・地区の集団回収もご利用ください（水で洗って切り開き乾かす）
き	鏡台	７０㎝超える	有料粗大ごみ	
き	鏡台	７０㎝以下	燃やさないごみ（埋立ごみ）	
き	きり		燃やさないごみ（埋立ごみ）	先端部を紙で包み「危険」と表示して他のごみと分ける
き	金庫	耐火	燃やさないごみ（埋立ごみ）	おおむね５５㎏以上のものは市では収集できませんので専門業者に依頼してください　
き	金庫	手提げ	燃やさないごみ（金属ごみ）	
く	空気入れ	８０％以上金属製	燃やさないごみ（金属ごみ）	
く	空気入れ	プラスチック製	燃やすごみ	
く	空気入れ	上記以外	燃やさないごみ（埋立ごみ）	
く	空気清浄機		燃やさないごみ（金属ごみ）	
く	クーラーボックス	７０㎝超える	有料粗大ごみ	
く	クーラーボックス	７０㎝以下	燃やすごみ	
く	釘		燃やさないごみ（金属ごみ）	紙で包み「危険」と表示して他のごみと分ける
く	草刈り機		市で収集しない	専門業者に処分を依頼してください
く	草ごみ	少量	燃やすごみ	どろをはらって乾燥　１回に3袋程度を限度
く	草ごみ	多量	有料戸別収集（多量ごみ）	
く	鎖	８０％以上金属製	燃やさないごみ（金属ごみ）	
く	鎖	上記以外	燃やすごみ	
く	串	８０％以上金属製	燃やさないごみ（金属ごみ）	紙で包み「危険」と表示して他のごみと分ける
く	串	木製	燃やすごみ	先を折って危なくないように
く	薬のシート		資源（容プラ）	
く	口紅の容器	８０％以上金属製	燃やさないごみ（金属ごみ）	
く	口紅の容器	プラスチック製	資源（容プラ）	
く	くつ	スキーブーツ　スケート靴	燃やさないごみ（埋立ごみ）	
く	くつ	上記以外	燃やすごみ	
く	くつのスパイク	８０％以上金属製	燃やさないごみ（金属ごみ）	
く	くつのスパイク	上記以外	燃やすごみ	
く	クッキングヒーター		燃やさないごみ（金属ごみ）	
く	くつ下		燃やすごみ	
く	クッション	７０㎝超える	燃やさないごみ（埋立ごみ）	
く	クッション	７０㎝以下	燃やすごみ	
く	グランドゴルフスティック	競技用は80㎝以上	燃やさないごみ（埋立ごみ）	
く	グリル鍋	８０％以上金属製	燃やさないごみ（金属ごみ）	
く	グリル鍋	上記以外	燃やさないごみ（埋立ごみ）	
く	車(幼児用）	８０％以上金属製	燃やさないごみ（金属ごみ）	
く	車(幼児用）	電動	燃やさないごみ（金属ごみ）	電池はとる
く	車(幼児用）	上記以外　７０㎝超える	燃やさないごみ（埋立ごみ）	
く	車(幼児用）	上記以外　７０㎝以下	燃やすごみ	
く	車椅子	折りたたみ式	燃やさないごみ（金属ごみ）	
く	車椅子	電動	燃やさないごみ（金属ごみ）	バッテリーは外す
く	グローブ	野球用など	燃やすごみ	
く	グローランプ		燃やさないごみ（埋立ごみ）	
く	くわ（鍬）	８０％以上金属製	燃やさないごみ（金属ごみ）	
く	くわ（鍬）	上記以外	燃やさないごみ（埋立ごみ）	
け	蛍光灯	管	資源（水銀含有製品）	割れたものも含む
け	蛍光灯	照明器具	燃やさないごみ（金属ごみ）	
け	携帯電話		燃やさないごみ（金属ごみ）	販売店に引き取りを依頼してください
け	ゲートボールスティック		燃やさないごみ（埋立ごみ）	
け	ケーブル		燃やさないごみ（金属ごみ）	
け	ケーブルテレビ用セットトップボックス		燃やさないごみ（金属ごみ）	レンタルの場合は、借りたお店に返却してください
け	ゲーム機（ＴＶゲーム・ポケットゲーム）		燃やさないごみ（金属ごみ）	
け	ゲームソフト		燃やすごみ	カセットタイプのものは、埋立ごみの日の金属
け	ゲーム用コントローラー		燃やさないごみ（金属ごみ）	
け	劇薬		市で収集しない	購入した店または専門の業者で処分してもらってください
け	化粧品のガラスびん		燃やさないごみ（埋立ごみ）	
け	げた箱	８０％以上金属製	燃やさないごみ（金属ごみ）	増改築に伴うものは請け負った業者に処分してもらう
け	げた箱	上記以外　７０㎝超える	有料粗大ごみ	
け	げた箱	上記以外　７０㎝以下	燃やすごみ	
け	ケチャップのチューブ		燃やすごみ	キャップは資源（容プラ）
け	血圧計	デジタル式	燃やさないごみ（金属ごみ）	電池はとる
け	玄関マット	７０㎝超える	有料粗大ごみ	広げた状態の大きさで区分
け	玄関マット	７０㎝以下	燃やすごみ	
け	剣道用具	面	燃やさないごみ（金属ごみ）	
け	剣道用具	上記以外　７０㎝超える	燃やさないごみ（埋立ごみ）	
け	剣道用具	上記以外　７０㎝以下	燃やすごみ	
け	顕微鏡	金属製	燃やさないごみ（金属ごみ）	
け	顕微鏡	プラスチック製	燃やすごみ	
こ	碁石		燃やさないごみ（埋立ごみ）	
こ	耕運機	金属製	市で収集しない	専門業者に処分を依頼してください
こ	工作用のりのチューブ		燃やすごみ	キャップを外す
こ	ゴーグル		燃やすごみ	
こ	コード		燃やさないごみ（金属ごみ）	
こ	コートハンガー	８０％以上金属製	燃やさないごみ（金属ごみ）	
こ	コートハンガー	上記以外　７０㎝超える	有料粗大ごみ	
こ	コートハンガー	上記以外　７０㎝以下	燃やすごみ	
こ	コーヒーメーカー		燃やさないごみ（金属ごみ）	
こ	氷枕	ゴム製	燃やすごみ	
こ	ござ	７０㎝超える	有料粗大ごみ	広げた状態の大きさで区分
こ	ござ	７０㎝以下	燃やすごみ	
こ	こたつ		燃やさないごみ（金属ごみ）	
こ	こたつ	天板（７０㎝超える）	燃やさないごみ（埋立ごみ）	
こ	こたつ	天板（７０㎝以下）	燃やすごみ	
こ	コップ	ガラス製	燃やさないごみ（埋立ごみ）	
こ	コップ	プラスチック製	燃やすごみ	
こ	琴		燃やさないごみ（埋立ごみ）	
こ	粉々のびん		燃やさないごみ（埋立ごみ）	
こ	碁盤	厚さ10㎝以上	燃やさないごみ（埋立ごみ）	
こ	碁盤	厚さ10㎝未満	燃やすごみ	
こ	コピー機（家庭用）		燃やさないごみ（金属ごみ）	
こ	ごみ箱	８０％以上金属製	燃やさないごみ（金属ごみ）	
こ	ごみ箱	上記以外	燃やすごみ	
こ	ゴム手袋		燃やすごみ	
こ	ゴム長靴		燃やすごみ	
こ	ゴムホース	７０㎝超える	燃やさないごみ（埋立ごみ）	広げた状態の大きさで区分
こ	ゴムホース	７０㎝以下	燃やすごみ	
こ	ゴムボート		燃やさないごみ（埋立ごみ）	空気を抜いて
こ	米びつ	８０％以上金属製	燃やさないごみ（金属ごみ）	
こ	米びつ	上記以外　７０㎝超える	有料粗大ごみ	
こ	米びつ	上記以外　７０㎝以下	燃やすごみ	
こ	米袋	紙製	燃やすごみ	
こ	米袋	プラスチック製	資源（容プラ）	
こ	コルクボード	７０㎝超える	燃やさないごみ（埋立ごみ）	
こ	コルクボード	７０㎝以下	燃やすごみ	
こ	ゴルフクラブ	金属製	燃やさないごみ（金属ごみ）	
こ	ゴルフクラブ	カーボン製	燃やさないごみ（埋立ごみ）	
こ	ゴルフシューズ		燃やすごみ	
こ	ゴルフバック		燃やさないごみ（埋立ごみ）	
こ	コンパクト		燃やさないごみ（埋立ごみ）	
こ	コンポスト容器	７０㎝超える	燃やさないごみ（埋立ごみ）	
こ	コンポスト容器	７０㎝以下	燃やすごみ	
こ	コンロ	バーベキュー用	燃やさないごみ（金属ごみ）	
さ	サーフボード	７０㎝超える	有料粗大ごみ	
さ	サーフボード	７０㎝以下	燃やすごみ	
さ	サイクリングマシン		燃やさないごみ（金属ごみ）	
さ	座いす	８０％以上金属製	燃やさないごみ（金属ごみ）	
さ	座いす	上記以外　７０㎝超える	有料粗大ごみ	
さ	座いす	上記以外　７０㎝以下	燃やさないごみ（埋立ごみ）	
さ	サイドボード	７０㎝超える	有料粗大ごみ	
さ	サイドボード	７０㎝以下	燃やすごみ	扉や戸がガラスのものは、埋立ごみへ
さ	裁縫箱	８０％以上金属製	燃やさないごみ（金属ごみ）	
さ	裁縫箱	上記以外	燃やすごみ	
さ	サインペン		燃やすごみ	
さ	さしこ（竹製鳥かご）	７０㎝超える	燃やさないごみ（埋立ごみ）	
さ	さしこ（竹製鳥かご）	７０㎝以下	燃やすごみ	
さ	座卓	７０㎝超える	有料粗大ごみ	
さ	座卓	７０㎝以下	燃やすごみ	
さ	サッシ	８０％以上金属製	燃やさないごみ（金属ごみ）	増改築に伴うものは請け負った業者に処分してもらう　　
さ	サッシ	上記以外	燃やさないごみ（埋立ごみ）	
さ	雑誌		燃やすごみ	各校下・地区の集団回収もご利用ください
さ	座ぶとん	７０㎝超える	燃やさないごみ（埋立ごみ）	
さ	座ぶとん	７０㎝以下	燃やすごみ	
さ	皿		燃やさないごみ（埋立ごみ）	
さ	ザル	８０％以上金属製	燃やさないごみ（金属ごみ）	
さ	ザル	上記以外	燃やすごみ	
さ	三角コーナー	８０％以上金属製	燃やさないごみ（金属ごみ）	
さ	三角コーナー	上記以外	燃やすごみ	
さ	三脚（カメラ、ビデオ）	８０％以上金属製	燃やさないごみ（金属ごみ）	
さ	三脚（カメラ、ビデオ）	上記以外	燃やさないごみ（埋立ごみ）	
さ	サングラス		燃やさないごみ（埋立ごみ）	レンズがプラスチック製のものは、燃やすごみ
さ	さんご		燃やさないごみ（埋立ごみ）	
さ	サンダル		燃やすごみ	
さ	三輪車		燃やさないごみ（金属ごみ）	「不用品」と必ず表示
し	CSデジタルアンテナ		燃やさないごみ（金属ごみ）	
し	CSデジタルチューナー		燃やさないごみ（金属ごみ）	
し	ＣＤ		燃やすごみ	
し	ＣＤのケース		燃やすごみ	
し	ＣＤプレーヤー		燃やさないごみ（金属ごみ）	
し	ＣＤラジカセ		燃やさないごみ（金属ごみ）	
し	ＣＲＴディスプレイ	パソコン用	市で収集しない	各製造メーカーに処分を申し込むか、市の資源搬入コーナーに持込んでください
し	シーツ	７０㎝超える	燃やさないごみ（埋立ごみ）	１辺７０㎝以下に裁断すれば、燃やすごみ
し	シーツ	７０㎝以下	燃やすごみ	
し	シート	車用	燃やさないごみ（埋立ごみ）	
し	地下足袋		燃やすごみ	
し	磁気マットレス	７０㎝超える	有料粗大ごみ	広げた状態の大きさで区分
し	磁気マットレス	７０㎝以下	燃やさないごみ（埋立ごみ）	
し	システムキッチン		市で収集しない	購入した店または専門の業者で処分してもらってください
し	磁石		燃やさないごみ（埋立ごみ）	
し	下敷き		燃やすごみ	
し	七輪		燃やさないごみ（埋立ごみ）	
し	漆器製食器	お椀など	燃やすごみ	
し	湿布剤		燃やすごみ	
し	湿布剤のフィルム		資源（容プラ）	
し	自転車	電動アシスト付き	燃やさないごみ（金属ごみ）	"「不用品」と必ず表示
バッテリーは、リサイクル協力店へ"
し	自転車	上記以外	燃やさないごみ（金属ごみ）	「不用品」と必ず表示
し	自動車カバー	７０㎝超える	燃やさないごみ（埋立ごみ）	１辺７０㎝以下に裁断すれば、燃やすごみ
し	自動車カバー	７０㎝以下	燃やすごみ	
し	自動車タイヤ		市で収集しない	購入した店または専門の業者で処分してもらってください
し	竹刀	７０㎝超える	燃やさないごみ（埋立ごみ）	
し	竹刀	７０㎝以下	燃やすごみ	
し	蛇口		燃やさないごみ（金属ごみ）	
し	写真		燃やすごみ	
し	ジャッキ		燃やさないごみ（金属ごみ）	
し	しゃもじ	木製	燃やすごみ	
し	しゃもじ	プラスチック製	燃やすごみ	
し	車両用ルーフボックス	７０㎝超える	有料粗大ごみ	
し	車両用ルーフボックス	７０㎝以下	燃やすごみ	
し	ジャングルジム	子ども用遊具	燃やさないごみ（埋立ごみ）	パイプがプラスチック製または紙製でかつ７０㎝以下ものは燃やすごみ
し	シャンデリア		燃やさないごみ（金属ごみ）	電球は外す
し	シャンプードレッサー	７０㎝超える	有料粗大ごみ	
し	シャンプードレッサー	７０㎝以下	燃やさないごみ（埋立ごみ）	
し	ジューサー		燃やさないごみ（金属ごみ）	
し	シューズ		燃やすごみ	
し	シューズボックス	８０％以上金属製	燃やさないごみ（金属ごみ）	増改築に伴うものは請け負った業者に処分してもらう
し	シューズボックス	上記以外　７０㎝超える	有料粗大ごみ	
し	シューズボックス	上記以外　７０㎝以下	燃やすごみ	
し	ジュースのびん		あきびん	キャップを外してひと洗い
し	じゅうたん	７０㎝超える	有料粗大ごみ	広げた状態の大きさで区分
し	じゅうたん	７０㎝以下	燃やすごみ	
し	充電式電池		資源（水銀含有製品）	電池リサイクル協力店でも回収しています
し	収納ケース・箱・ボックス	８０％以上金属製	燃やさないごみ（金属ごみ）	
し	収納ケース・箱・ボックス	上記以外　７０㎝超える	有料粗大ごみ	
し	収納ケース・箱・ボックス	上記以外　７０㎝以下	燃やすごみ	
し	収納棚	８０％以上金属製	燃やさないごみ（金属ごみ）	
し	収納棚	上記以外　７０㎝超える	有料粗大ごみ	
し	収納棚	上記以外　７０㎝以下	燃やすごみ	扉や戸がガラスのものは、埋立ごみへ
し	ジュニアシート		燃やさないごみ（埋立ごみ）	
し	消火器		市で収集しない	購入先へ持参すると引き取っていただけます
し	定規		燃やすごみ	
し	将棋駒		燃やすごみ	
し	将棋盤	厚さ10㎝以上	燃やさないごみ（埋立ごみ）	
し	将棋盤	厚さ10㎝未満	燃やすごみ	
し	障子	８０％以上金属製	燃やさないごみ（金属ごみ）	増改築に伴うものは請け負った業者に処分してもらう
し	障子	上記以外　７０㎝超える	有料粗大ごみ	
し	障子	上記以外　７０㎝以下	燃やすごみ	
し	浄水器	カートリッジ	燃やすごみ	
し	浄水器	本体	燃やさないごみ（金属ごみ）	
し	照明器具		燃やさないごみ（金属ごみ）	
し	照明器具のかさ	８０％以上金属製	燃やさないごみ（金属ごみ）	
し	照明器具のかさ	ガラス製	燃やさないごみ（埋立ごみ）	
し	照明器具のかさ	上記以外　７０㎝超える	燃やさないごみ（埋立ごみ）	
し	照明器具のかさ	上記以外　７０㎝以下	燃やすごみ	
し	じょうろ	８０％以上金属製	燃やさないごみ（金属ごみ）	
し	じょうろ	上記以外	燃やすごみ	
し	食品のトレイ		資源（容プラ）	スーパー等の店頭回収をご利用ください
し	除湿機		資源（フロン回収製品）	「除湿機」と必ず表示
し	除湿剤		燃やすごみ	
し	書棚	８０％以上金属製	燃やさないごみ（金属ごみ）	
し	書棚	上記以外　７０㎝超える	有料粗大ごみ	
し	書棚	上記以外　７０㎝以下	燃やすごみ	
し	食器	８０％以上金属製	燃やさないごみ（金属ごみ）	
し	食器	ガラス製・陶磁器製	燃やさないごみ（埋立ごみ）	
し	食器	上記以外	燃やすごみ	
し	食器洗い器		燃やさないごみ（金属ごみ）	
し	食器乾燥機		燃やさないごみ（金属ごみ）	
し	食器棚	７０㎝超える	有料粗大ごみ	
し	食器棚	７０㎝以下	燃やすごみ	扉や戸がガラスのものは、埋立ごみへ
し	ショッピングかご	プラスチック製	燃やすごみ	
し	ショッピングカート	８０％以上金属製	燃やさないごみ（金属ごみ）	
し	書類用バインダーの金具		燃やさないごみ（金属ごみ）	
し	シルバーカー		燃やさないごみ（金属ごみ）	「不用品」と必ず表示
し	人工肛門パック		燃やすごみ	汚物はトイレに捨てる
し	人工芝	７０㎝超える	燃やさないごみ（埋立ごみ）	
し	人工芝	７０㎝以下	燃やすごみ	
し	シンナー		市で収集しない	専門業者に処分を依頼してください
し	新聞		燃やすごみ	各校下・地区の集団回収もご利用ください
す	吸い殻（たばこ）		燃やすごみ	火を完全に消してから
す	水槽	７０㎝超える	有料粗大ごみ	
す	水槽	７０㎝以下　プラスチック製	燃やすごみ	
す	水槽	上記以外	燃やさないごみ（埋立ごみ）	
す	水中めがね		燃やさないごみ（埋立ごみ）	レンズがプラスチック製のものは、燃やすごみ
す	水筒	８０％以上金属製	燃やさないごみ（金属ごみ）	
す	水筒	ガラス製	燃やさないごみ（埋立ごみ）	
す	水筒	上記以外	燃やすごみ	
す	炊飯器	内釜含む	燃やさないごみ（金属ごみ）	
す	スーツケース	８０％以上金属製	燃やさないごみ（金属ごみ）	
す	スーツケース	上記以外　７０㎝超える	有料粗大ごみ	
す	スーツケース	上記以外　７０㎝以下	燃やすごみ	
す	スーパーの袋	プラスチック製	資源（容プラ）	
す	スーパーの袋	上記以外	燃やすごみ	
す	姿見	７０㎝超える	有料粗大ごみ	
す	姿見	７０㎝以下	燃やさないごみ（埋立ごみ）	
す	スキー板	７０㎝超える	有料粗大ごみ	
す	スキー板	７０㎝以下	燃やさないごみ（埋立ごみ）	
す	スキーキャリア	８０％以上金属製	燃やさないごみ（金属ごみ）	
す	スキーキャリア	上記以外	燃やさないごみ（埋立ごみ）	
す	スキーウェア		燃やすごみ	
す	スキャナー		燃やさないごみ（金属ごみ）	
す	スクーター		市で収集しない	廃棄二輪取扱店または指定引取窓口で引き取ります
す	スケートボード		燃やさないごみ（埋立ごみ）	
す	スコップ	８０％以上金属製	燃やさないごみ（金属ごみ）	
す	スコップ	上記以外　７０㎝超える	燃やさないごみ（埋立ごみ）	
す	スコップ	上記以外　７０㎝以下	燃やすごみ	
す	硯（すずり）		燃やさないごみ（埋立ごみ）	
す	すだれ	７０㎝超える　竹製・プラスチック製	燃やさないごみ（埋立ごみ）	１辺７０㎝以下に裁断すれば、燃やすごみ
す	すだれ	７０㎝以下　竹製・プラスチック製	燃やすごみ	
す	スタンドミラー	７０㎝超える	有料粗大ごみ	
す	スタンドミラー	７０㎝以下	燃やさないごみ（埋立ごみ）	
す	スチール缶		資源（あき缶）	ひと洗いする・つぶさない・たばこの吸いがらなどを入れない
す	ズック		燃やすごみ	
す	ステレオセット		燃やさないごみ（金属ごみ）	
す	ストーブ		燃やさないごみ（金属ごみ）	
す	ストーブガード		燃やさないごみ（金属ごみ）	
す	砂	ペット用	燃やすごみ	袋に可燃と記載されているものにかぎる、それ以外は埋立ごみ
す	スノーダンプ	８０％以上金属製	燃やさないごみ（金属ごみ）	
す	スノーダンプ	上記以外　７０㎝超える	燃やさないごみ（埋立ごみ）	
す	スノーダンプ	上記以外　７０㎝以下	燃やすごみ	
す	スノーボード	７０㎝超える	有料粗大ごみ	
す	スノーボード	７０㎝以下	燃やさないごみ（埋立ごみ）	
す	すのこ	７０㎝超える	燃やさないごみ（埋立ごみ）	
す	すのこ	７０㎝以下	燃やすごみ	
す	スピーカー		燃やさないごみ（金属ごみ）	
す	スプーン	８０％以上金属製	燃やさないごみ（金属ごみ）	
す	スプーン	上記以外	燃やすごみ	
す	スプレー缶		資源（スプレー缶）	使い切ってから火気のない屋外で穴をあける
す	すべり台	７０㎝超える	有料粗大ごみ	
す	すべり台	７０㎝以下	燃やすごみ	
す	スポンジ		燃やすごみ	
す	ズボンプレッサー		燃やさないごみ（金属ごみ）	
す	スリッパ		燃やすごみ	
す	スリッパ立て	８０％以上金属製	燃やさないごみ（金属ごみ）	
す	スリッパ立て	上記以外　７０㎝超える	燃やさないごみ（埋立ごみ）	
す	スリッパ立て	上記以外　７０㎝以下	燃やすごみ	
す	すり鉢		燃やさないごみ（埋立ごみ）	
せ	精米機	家庭用	燃やさないごみ（金属ごみ）	
せ	生理用品		燃やすごみ	
せ	石油ストーブ		燃やさないごみ（金属ごみ）	油を抜いて電池を取る
せ	石油タンク		燃やさないごみ（金属ごみ）	油は抜く
せ	石油ポンプ	手動式	燃やすごみ	
せ	石油ポンプ	電動	燃やさないごみ（金属ごみ）	電池はとる
せ	洗車ブラシ		燃やすごみ	
せ	洗濯機		市で収集しない	郵便局で家電リサイクル券を購入し、指定引取場所へ
せ	洗濯ばさみ	８０％以上金属製	燃やさないごみ（金属ごみ）	
せ	洗濯ばさみ	上記以外	燃やすごみ	
せ	洗濯用ハンガー	８０％以上金属製	燃やさないごみ（金属ごみ）	
せ	洗濯用ハンガー	上記以外	燃やすごみ	
せ	栓抜き	８０％以上金属製	燃やさないごみ（金属ごみ）	
せ	栓抜き	上記以外	燃やさないごみ（埋立ごみ）	
せ	扇風機		燃やさないごみ（金属ごみ）	
せ	洗面器	８０％以上金属製	燃やさないごみ（金属ごみ）	
せ	洗面器	上記以外	燃やすごみ	
せ	洗面化粧台	７０㎝超える	有料粗大ごみ	増改築に伴うものは請け負った業者に処分してもらう
せ	洗面化粧台	７０㎝以下	燃やさないごみ（埋立ごみ）	
そ	双眼鏡	８０％以上金属製	燃やさないごみ（金属ごみ）	
そ	双眼鏡	上記以外	燃やすごみ	
そ	惣菜のトレイ		資源（容プラ）	スーパー等の店頭回収をご利用ください
そ	惣菜のプラスチック容器		資源（容プラ）	
そ	掃除機		燃やさないごみ（金属ごみ）	
そ	ソーラー式温水器		市で収集しない	購入した店または専門の業者で処分してもらってください
そ	ソファー	７０㎝超える	有料粗大ごみ	
そ	ソファー	７０㎝以下・スプリングあり	燃やさないごみ（埋立ごみ）	
そ	ソファー	７０㎝以下・スプリングなし	燃やすごみ	
そ	ソファーベッド	７０㎝超える	有料粗大ごみ	
そ	そり		燃やすごみ	
そ	そろばん		燃やすごみ	
た	体温計	水銀を含む	資源（水銀含有製品）	
た	体温計	水銀含まない	燃やさないごみ（金属ごみ）	電池はとる
た	体重計	家庭用	燃やさないごみ（金属ごみ）	
た	耐火金庫		燃やさないごみ（埋立ごみ）	おおむね５５㎏以上のものは市では収集できませんので専門業者に依頼してください　
た	台車		燃やさないごみ（金属ごみ）	
た	タイヤ		市で収集しない	廃タイヤ取り扱い協力店（自動車用品店・ガソリンスタンド等）で引き取っていただけます
た	タイヤゴムチューブ	自転車用	燃やすごみ	
た	タイヤチェーン	８０％以上金属製	燃やさないごみ（金属ごみ）	
た	タイヤチェーン	上記以外	燃やすごみ	
た	タイヤホイール		燃やさないごみ（金属ごみ）	
た	タオル		燃やすごみ	
た	タオルケット	７０㎝超える	有料粗大ごみ	広げた状態の大きさで区分
た	タオルケット	７０㎝以下	燃やすごみ	
た	高枝切りばさみ	８０％以上金属製	燃やさないごみ（金属ごみ）	
た	高枝切りばさみ	上記以外	燃やさないごみ（埋立ごみ）	
た	卓上ボンベ	カセットコンロ用	資源（カセットボンベ）	使い切ってから火気のない屋外で穴をあける
た	竹串		燃やすごみ	先を折って危なくないように
た	竹馬	８０％以上金属製	燃やさないごみ（金属ごみ）	
た	竹馬	７０㎝超える　竹・木製　	燃やさないごみ（埋立ごみ）	
た	竹馬	７０㎝以下　竹・木製　	燃やすごみ	
た	竹ぼうき	７０㎝超える	燃やさないごみ（埋立ごみ）	
た	竹ぼうき	７０㎝以下	燃やすごみ	
た	畳	７０㎝超える	有料粗大ごみ	増改築に伴うものは請け負った業者に処分してもらう
た	畳	７０㎝以下	燃やすごみ	
た	卓球台	７０㎝超える	有料粗大ごみ	
た	卓球台	７０㎝以下	燃やすごみ	
た	脱酸素剤		燃やすごみ	
た	タッパ		燃やすごみ	
た	たばこの吸いがら		燃やすごみ	火を完全に消してから
た	たばこの包装フィルム		資源（容プラ）	
た	タブレット	ＰＣマークがあるもの	市で収集しない	各製造メーカーに処分を申し込むか、市の資源搬入コーナーに持込んでください
た	タブレット	ＰＣマークがないもの	燃やさないごみ（金属ごみ）	
た	卵パック	プラスチック製	資源（容プラ）	
た	卵パック	紙製	燃やすごみ	
た	たらい	８０％以上金属製	燃やさないごみ（金属ごみ）	
た	たらい	上記以外	燃やすごみ	
た	たる	７０㎝超える	燃やさないごみ（埋立ごみ）	
た	たる	７０㎝以下	燃やすごみ	
た	たわし	８０％以上金属製	燃やさないごみ（金属ごみ）	
た	たわし	上記以外	燃やすごみ	
た	たんす	７０㎝超える	有料粗大ごみ	
た	たんす	７０㎝以下	燃やすごみ	
た	ダンベル	８０％以上金属製	燃やさないごみ（金属ごみ）	
た	ダンベル	上記以外	燃やすごみ	
た	ダンボール		燃やすごみ	各校下・地区の集団回収もご利用ください（ガムテープ、止め金具を取り除く）
ち	チェーン	８０％以上金属製	燃やさないごみ（金属ごみ）	
ち	チェーン	上記以外	燃やすごみ	
ち	チェスト	７０㎝超える	有料粗大ごみ	
ち	チェスト	７０㎝以下	燃やすごみ	
ち	地球儀	プラスチック製	燃やすごみ	
ち	地球儀	上記以外	燃やさないごみ（埋立ごみ）	
ち	地上デジタルチューナー		燃やさないごみ（金属ごみ）	
ち	チャイルドシート	７０㎝超える	燃やさないごみ（埋立ごみ）	
ち	チャイルドシート	７０㎝以下	燃やすごみ	
ち	茶だんす	７０㎝超える	有料粗大ごみ	
ち	茶だんす	７０㎝以下	燃やすごみ	
ち	茶碗	陶器製	燃やさないごみ（埋立ごみ）	
ち	注射針	在宅治療用	市で収集しない	かかりつけの医療機関や薬局で引き取ってもらってください
ち	チューナー		燃やさないごみ（金属ごみ）	
ち	チューブ	自転車用、在宅医療用その他	燃やすごみ	
ち	チューブのキャップ	プラスチック製	資源（容プラ）	
ち	調理台	７０㎝超える	有料粗大ごみ	増改築に伴うものは請け負った業者に処分してもらう
ち	調理台	７０㎝以下（木製）	燃やすごみ	
ち	調理台	上記以外	燃やさないごみ（埋立ごみ）	
ち	チョーク		燃やすごみ	
ち	チラシ		燃やすごみ	各校下・地区の集団回収もご利用ください
ち	ちりとり	８０％以上金属製	燃やさないごみ（金属ごみ）	
ち	ちりとり	上記以外	燃やすごみ	
つ	ついたて	８０％以上金属製	燃やさないごみ（金属ごみ）	
つ	ついたて	上記以外　７０㎝超える	有料粗大ごみ	
つ	ついたて	上記以外　７０㎝以下	燃やすごみ	
つ	使い捨てカイロ		燃やさないごみ（埋立ごみ）	
つ	机	８０％以上金属製	燃やさないごみ（金属ごみ）	
つ	机	上記以外　７０㎝超える	有料粗大ごみ	
つ	机	上記以外　７０㎝以下	燃やすごみ	
つ	漬けもの石	市販のもの	燃やさないごみ（埋立ごみ）	
つ	漬けもの桶	上記以外　７０㎝超える	燃やさないごみ（埋立ごみ）	
つ	漬けもの桶	上記以外　７０㎝以下	燃やすごみ	
つ	土		市で収集しない	専門業者に処分を依頼してください
つ	つぼ		燃やさないごみ（埋立ごみ）	
つ	釣りざお		燃やさないごみ（埋立ごみ）	
つ	つるはし		燃やさないごみ（金属ごみ）	
て	DVD	ソフト	燃やすごみ	
て	DVDプレーヤー		燃やさないごみ（金属ごみ）	
て	ディスプレイ	パソコン用	市で収集しない	各製造メーカーに処分を申し込むか、市の資源搬入コーナーに持込んでください
て	ディスプレイ	上記以外	燃やさないごみ（金属ごみ）	
て	ティッシュくず		燃やすごみ	
て	テーブル	８０％以上金属製	燃やさないごみ（金属ごみ）	
て	テーブル	上記以外　７０㎝超える	有料粗大ごみ	
て	テーブル	上記以外　７０㎝以下	燃やすごみ	
て	テープレコーダー		燃やさないごみ（金属ごみ）	
て	手押し車		燃やさないごみ（金属ごみ）	「不用品」と必ず表示
て	手鏡		燃やさないごみ（埋立ごみ）	
て	手提げ金庫		燃やさないごみ（金属ごみ）	
て	デジタルカメラ		燃やさないごみ（金属ごみ）	電池はとる
て	デジタル血圧計		燃やさないごみ（金属ごみ）	電池はとる
て	デスクトップ型パソコン		市で収集しない	各製造メーカーに処分を申し込むか、市の資源搬入コーナーに持込んでください
て	デスクマット	７０㎝超える	有料粗大ごみ	広げたときに７０㎝を超えているものは、有料粗大ごみ
て	デスクマット	７０㎝以下	燃やすごみ	
て	鉄アレイ		燃やさないごみ（金属ごみ）	
て	鉄板	バーベキュー用	燃やさないごみ（金属ごみ）	
て	鉄棒	子ども用遊具	燃やさないごみ（金属ごみ）	
て	テニスラケット		燃やさないごみ（埋立ごみ）	
て	手袋	ゴム手袋含む	燃やすごみ	
て	テレビ	液晶	市で収集しない	郵便局で家電リサイクル券を購入し、指定引取場所へ
て	テレビ	プラズマ	市で収集しない	
て	テレビ	ブラウン管	市で収集しない	
て	テレビゲーム		燃やさないごみ（金属ごみ）	
て	テレビ台	８０％以上金属製	燃やさないごみ（金属ごみ）	
て	テレビ台	上記以外　７０㎝超える	有料粗大ごみ	
て	テレビ台	上記以外　７０㎝以下	燃やすごみ	扉や戸がガラスのものは、埋立ごみへ
て	電気アンカ		燃やさないごみ（金属ごみ）	
て	電気温水器	2m以上55㎏以上	市で収集しない	購入した店または専門の業者で処分してもらってください
て	電気温水器	2m未満55㎏未満	燃やさないごみ（金属ごみ）	
て	電気カーペット		燃やさないごみ（金属ごみ）	上敷きは有料粗大ごみ
て	電気かみそり		燃やさないごみ（金属ごみ）	
て	電気コード		燃やさないごみ（金属ごみ）	
て	電気こたつ		燃やさないごみ（金属ごみ）	
て	電気こたつ	天板（７０㎝超える）	燃やさないごみ（埋立ごみ）	
て	電気こたつ	天板（７０㎝以下）	燃やすごみ	
て	電気炊飯器	内釜含む	燃やさないごみ（金属ごみ）	
て	電気スタンド		燃やさないごみ（金属ごみ）	
て	電気ストーブ		燃やさないごみ（金属ごみ）	
て	電気のこぎり		燃やさないごみ（金属ごみ）	
て	電気ポット		燃やさないごみ（金属ごみ）	
て	電気毛布		燃やさないごみ（金属ごみ）	
て	電球	白熱灯	燃やさないごみ（埋立ごみ）	
て	電球	電球形蛍光灯	資源（水銀含有製品）	
て	電気ランタン		燃やさないごみ（金属ごみ）	電池はとる
て	電子辞書		燃やさないごみ（金属ごみ）	
て	電磁調理器		燃やさないごみ（金属ごみ）	
て	電子手帳		燃やさないごみ（金属ごみ）	
て	電子ピアノ	2m以上55㎏以上	市で収集しない	購入した店または専門の業者で処分してもらってください
て	電子ピアノ	2m未満55㎏未満	燃やさないごみ（金属ごみ）	
て	電子レンジ		燃やさないごみ（金属ごみ）	
て	天体望遠鏡		燃やさないごみ（埋立ごみ）	
て	電卓		燃やさないごみ（金属ごみ）	
て	点滴用チューブ	在宅治療用	燃やすごみ	かかりつけの医療機関や薬局で引き取ってもらってください
て	点滴用パック	在宅治療用	燃やすごみ	
て	テント	レジャー用	燃やさないごみ（埋立ごみ）	
て	点灯管		燃やさないごみ（埋立ごみ）	
て	電動かんな		燃やさないごみ（金属ごみ）	
て	電動自転車		燃やさないごみ（金属ごみ）	"「不用品」と必ず表示
バッテリーは、リサイクル協力店へ"
て	電動ドリル		燃やさないごみ（金属ごみ）	
て	電動のこぎり		燃やさないごみ（金属ごみ）	
て	テントの支柱	レジャー用、８０％以上金属製	燃やさないごみ（金属ごみ）	
て	天ぷら油		燃やすごみ	紙や布にしみこませて
て	電話機		燃やさないごみ（金属ごみ）	
て	電話台	８０％以上金属製	燃やさないごみ（金属ごみ）	
て	電話台	上記以外	燃やさないごみ（埋立ごみ）	
と	戸	８０％以上金属製	燃やさないごみ（金属ごみ）	増改築に伴うものは請け負った業者に処分してもらう
と	戸	上記以外　７０㎝超える	有料粗大ごみ	
と	戸	上記以外　７０㎝以下	燃やすごみ	
と	ドア	８０％以上金属製	燃やさないごみ（金属ごみ）	増改築に伴うものは請け負った業者に処分してもらう
と	ドア	上記以外　７０㎝超える	有料粗大ごみ	
と	ドア	上記以外　７０㎝以下	燃やすごみ	
と	砥石		燃やさないごみ（埋立ごみ）	
と	トイレットペーパーの袋		資源（容プラ）	
と	胴	剣道用具	燃やすごみ	
と	陶器製食器	湯飲み・茶碗・皿など	燃やさないごみ（埋立ごみ）	
と	透析用チューブ	在宅治療用	燃やすごみ	
と	豆腐のプラスチック容器		資源（容プラ）	
と	灯油		市で収集しない	専門業者に処分を依頼してください
と	灯油缶	プラスチック製	燃やすごみ	中身が残っているものは市で収集しませんので専門業者に処分を依頼してください
と	灯油缶	８０％以上金属製	燃やさないごみ（金属ごみ）	
と	トースター		燃やさないごみ（金属ごみ）	
と	時計	壁掛け・目覚まし・腕・柱時計	燃やさないごみ（金属ごみ）	
と	戸棚	８０％以上金属製	燃やさないごみ（金属ごみ）	
と	戸棚	上記以外　７０㎝超える	有料粗大ごみ	
と	戸棚	上記以外　７０㎝以下	燃やすごみ	扉や戸がガラスのものは、埋立ごみへ
と	トタン板		燃やさないごみ（金属ごみ）	
と	ドライバー	８０％以上金属製	燃やさないごみ（金属ごみ）	
と	ドライバー	上記以外	燃やさないごみ（埋立ごみ）	
と	ドラム缶		燃やさないごみ（金属ごみ）	中身が残っているものは市で収集しませんので専門業者に処分を依頼してください
と	トランク	８０％以上金属製	燃やさないごみ（金属ごみ）	
と	トランク	上記以外　７０㎝超える	有料粗大ごみ	
と	トランク	上記以外　７０㎝以下	燃やすごみ	
と	トランシーバー		燃やさないごみ（金属ごみ）	
と	トランポリン	子ども用遊具	燃やさないごみ（埋立ごみ）	
と	鳥かご	８０％以上金属製	燃やさないごみ（金属ごみ）	
と	鳥かご	上記以外	燃やすごみ	
と	塗料容器	８０％以上金属製	燃やさないごみ（金属ごみ）	中身が残っているものは市で収集しませんので専門業者に処分を依頼してください
と	塗料容器	プラスチック製	燃やすごみ	
と	ドリンク剤のびん		あきびん	キャップを外してひと洗い
と	トレイ	食品用	資源（容プラ）	スーパー等の店頭回収をご利用ください
と	トレーニング機器	８０％以上金属製	燃やさないごみ（金属ごみ）	
と	トレーニング機器	電動	燃やさないごみ（金属ごみ）	
と	トレーニング機器	上記以外　７０㎝超える	有料粗大ごみ	
と	トレーニング機器	上記以外　７０㎝以下	燃やさないごみ（埋立ごみ）	プラスチック製、ゴム製のものは燃やすごみへ
と	ドレッサー	７０㎝超える	有料粗大ごみ	
と	ドレッサー	７０㎝以下	燃やさないごみ（埋立ごみ）	
と	泥		市で収集しない	専門業者に処分を依頼してください
と	トロ箱	発砲スチロール製	資源（容プラ）	
と	トロ箱	木製　70㎝超える	燃やさないごみ（埋立ごみ）	
と	トロ箱	木製　70㎝以下	燃やすごみ	
と	トロフィー	プラスチック製（７０㎝以下）	燃やすごみ	
と	トロフィー	上記以外	燃やさないごみ（埋立ごみ）	
な	ナイフ		燃やさないごみ（金属ごみ）	紙で包み「危険」と表示して他のごみと分ける
な	苗木ポット		資源（容プラ）	ひと洗いして土を落としてください
な	流し台	７０㎝超える	有料粗大ごみ	
な	流し台	７０㎝以下	燃やさないごみ（埋立ごみ）	
な	ながもち	８０％以上金属製	燃やさないごみ（金属ごみ）	
な	ながもち	上記以外　７０㎝超える	有料粗大ごみ	
な	ながもち	上記以外　７０㎝以下	燃やすごみ	
な	ナタ（鉈）		燃やさないごみ（金属ごみ）	紙で包み「危険」と表示して他のごみと分ける
な	ナツメ電球		燃やさないごみ（埋立ごみ）	
な	鍋	８０％以上金属製	燃やさないごみ（金属ごみ）	
な	鍋	上記以外（耐熱ガラス製、陶磁器製）	燃やさないごみ（埋立ごみ）	
な	鍋焼きうどんの容器	アルミ製	燃やすごみ	
な	生ごみ		燃やすごみ	水切りを十分にして
な	生ごみ処理機	家庭用・電気式	燃やさないごみ（金属ごみ）	
な	なまり	釣り用おもり	燃やさないごみ（金属ごみ）	
な	波板	８０％以上金属製	燃やさないごみ（金属ごみ）	
な	波板	上記以外　７０㎝超える	有料粗大ごみ	
な	波板	上記以外　７０㎝以下	燃やすごみ	
に	荷造り用ひもバンド	７０㎝超える	燃やさないごみ（埋立ごみ）	７０㎝以下に裁断すれば、燃やすごみ
に	荷造り用ひもバンド	７０㎝以下	燃やすごみ	
に	乳酸飲料のカップ容器		資源（容プラ）	
に	人形	７０㎝超える	燃やさないごみ（埋立ごみ）	
に	人形	７０㎝以下	燃やすごみ	
に	人形ケース		燃やさないごみ（埋立ごみ）	
ぬ	ぬいぐるみ	７０㎝超える	燃やさないごみ（埋立ごみ）	
ぬ	ぬいぐるみ	７０㎝以下	燃やすごみ	
ぬ	布くず		燃やすごみ	
ね	ネクタイ		燃やすごみ	
ね	猫砂	紙・木・プラスチック製	燃やすごみ	袋に可燃と記載されているものにかぎる、それ以外は埋立ごみ
ね	猫砂	粘土製	燃やさないごみ（埋立ごみ）	
ね	寝袋	７０㎝超える	燃やさないごみ（埋立ごみ）	
ね	寝袋	７０㎝以下	燃やすごみ	
ね	ねんど	学用品	燃やさないごみ（埋立ごみ）	
の	農機具		市で収集しない	専門業者に処分を依頼してください
の	農薬のびん	家庭菜園用	燃やさないごみ（埋立ごみ）	中身が残っているものは市で収集できないので専門業者に処分を依頼
の	ノート型パソコン		市で収集しない	各製造メーカーに処分を申し込むか、市の資源搬入コーナーに持込んでください
の	のこぎり		燃やさないごみ（金属ごみ）	
の	ノブ（ドア）		燃やさないごみ（金属ごみ）	
の	のみ（鑿）		燃やさないごみ（金属ごみ）	
の	海苔の缶	２５㎝以上	燃やさないごみ（金属ごみ）	
の	海苔の缶	２５㎝未満	資源（あき缶）	
の	乗り物（子ども用）	８０％以上金属製	燃やさないごみ（金属ごみ）	
の	乗り物（子ども用）	電動	燃やさないごみ（金属ごみ）	
の	乗り物（子ども用）	上記以外	燃やすごみ	
の	ノンカーボン紙		燃やすごみ	リサイクル出来ません
は	ハードディスクドライブ（ＨＤＤ）		燃やさないごみ（金属ごみ）	
は	バーベキューコンロ		燃やさないごみ（金属ごみ）	
は	バーベル		燃やさないごみ（金属ごみ）	
は	ハーモニカ		燃やさないごみ（金属ごみ）	
は	バイク		市で収集しない	廃棄二輪取扱店または指定引取窓口で引き取ります
は	灰皿	８０％以上金属製	燃やさないごみ（金属ごみ）	
は	灰皿	上記以外（ガラス製・陶磁器製）	燃やさないごみ（埋立ごみ）	
は	パイプいす	８０％以上金属製	燃やさないごみ（金属ごみ）	
は	パイプいす	上記以外　７０㎝超える	有料粗大ごみ	
は	パイプいす	上記以外　７０㎝以下	燃やすごみ	
は	廃油処理箱		燃やすごみ	
は	バインダー		燃やすごみ	金具類はなるべく外して燃やさないごみの日の金属に出す
は	はかり	料理用	燃やさないごみ（金属ごみ）	
は	はきもの		燃やすごみ	スキー靴は埋立ごみ
は	剥製（はくせい）	７０㎝超える	燃やさないごみ（埋立ごみ）	
は	剥製（はくせい）	７０㎝以下	燃やすごみ	
は	白熱球		燃やさないごみ（埋立ごみ）	
は	バケツ	８０％以上金属製	燃やさないごみ（金属ごみ）	
は	バケツ	プラスチック製	燃やすごみ	
は	はさみ	８０％以上金属製	燃やさないごみ（金属ごみ）	
は	はさみ	プラスチック製	燃やすごみ	
は	はさみ	上記以外	燃やさないごみ（埋立ごみ）	
は	はしご	８０％以上金属製	燃やさないごみ（金属ごみ）	
は	はしご	上記以外　７０㎝超える	有料粗大ごみ	
は	はしご	上記以外　７０㎝以下	燃やすごみ	
は	バスケットゴール	８０％以上金属製	燃やさないごみ（金属ごみ）	
は	バスケットゴール	上記以外　７０㎝超える	有料粗大ごみ	
は	バスケットゴール	上記以外　７０㎝以下	燃やすごみ	
は	バスマット	７０㎝超える	有料粗大ごみ	広げたときに７０㎝を超えているものは、有料粗大ごみ
は	バスマット	７０㎝以下	燃やすごみ	
は	パソコン	デスクトップ型　ノート型	市で収集しない	各製造メーカーに処分を申し込むか、市の資源搬入コーナーに持込んでください
は	パソコン	本体　ディスプレイ	市で収集しない	
は	パソコン机	８０％以上金属製	燃やさないごみ（金属ごみ）	
は	パソコン机	上記以外　７０㎝超える	有料粗大ごみ	
は	パソコン机	上記以外　７０㎝以下	燃やすごみ	
は	パソコン用キーボード		燃やさないごみ（金属ごみ）	
は	パソコン用プリンター		燃やさないごみ（金属ごみ）	
は	パソコン用ラック	８０％以上金属製	燃やさないごみ（金属ごみ）	
は	パソコン用ラック	上記以外　７０㎝超える	有料粗大ごみ	
は	パソコン用ラック	上記以外　７０㎝以下	燃やすごみ	
は	パチンコ・スロット台	個人用	燃やさないごみ（金属ごみ）	
は	発炎筒		市で収集しない	購入した店または専門の業者で処分してもらってください
は	バッテリー	車用	市で収集しない	購入先へ持参すると引き取っていただけます
は	バッテリー	携帯電話　電気製品	資源（水銀含有製品）	なるべく販売店にひき取ってもらってください
は	バット	８０％以上金属製	燃やさないごみ（金属ごみ）	
は	バット	上記以外　７０㎝超える	燃やさないごみ（埋立ごみ）	
は	バット	上記以外　７０㎝以下	燃やすごみ	
は	発泡スチロールの緩衝材		資源（容プラ）	
は	発泡スチロールの箱		資源（容プラ）	
は	発泡スチロールの容器		資源（容プラ）	
は	発泡トレイ		資源（容プラ）	スーパー等の店頭回収をご利用ください
は	花台	８０％以上金属製	燃やさないごみ（金属ごみ）	
は	花台	上記以外　７０㎝超える	燃やさないごみ（埋立ごみ）	
は	花台	上記以外　７０㎝以下	燃やすごみ	
は	花火		燃やすごみ	水で湿らせて出してください
は	パネルヒーター		燃やさないごみ（金属ごみ）	
は	歯ブラシ	電動	燃やさないごみ（金属ごみ）	電池はとる
は	歯ブラシ	プラスチック製	燃やすごみ	
は	歯磨き粉のチューブ		燃やすごみ	キャップは資源（容プラ）
は	針		燃やさないごみ（金属ごみ）	紙で包み「危険」と表示して他のごみと分ける
は	針金		燃やさないごみ（金属ごみ）	
は	ハロゲンストーブ		燃やさないごみ（金属ごみ）	
は	ハンガー	８０％以上金属製	燃やさないごみ（金属ごみ）	
は	ハンガー	上記以外	燃やすごみ	
は	ハンガースタンド	８０％以上金属製	燃やさないごみ（金属ごみ）	
は	ハンガースタンド	上記以外　７０㎝超える	有料粗大ごみ	
は	ハンガースタンド	上記以外　７０㎝以下	燃やすごみ	
は	ハンカチ		燃やすごみ	
は	飯ごう		燃やさないごみ（金属ごみ）	
は	パンツプレス		燃やさないごみ（金属ごみ）	
は	ハンドバッグ	革製	燃やすごみ	
は	パンフレット		燃やすごみ	各校下・地区の集団回収もご利用ください
は	ハンマー	ゴム製	燃やすごみ	
は	ハンマー	８０％以上金属製	燃やさないごみ（金属ごみ）	
は	ハンマー	上記以外　７０㎝超える	燃やさないごみ（埋立ごみ）	
は	ハンマー	上記以外　７０㎝以下	燃やすごみ	
ひ	ＰＰバンド	７０㎝超える	燃やさないごみ（埋立ごみ）	７０㎝以下に裁断すれば、燃やすごみ
ひ	ＰＰバンド	７０㎝以下	燃やすごみ	
ひ	ピアニカ		燃やすごみ	
ひ	ピアノ		市で収集しない	購入した店または専門の業者で処分してもらってください
ひ	ビーズ		燃やすごみ	
ひ	ビーチパラソル	８０％以上金属製	燃やさないごみ（金属ごみ）	
ひ	ビーチパラソル	上記以外	燃やさないごみ（埋立ごみ）	
ひ	ビールびん		あきびん	酒屋さんなどへ返しましょう
ひ	ビー玉		燃やさないごみ（埋立ごみ）	
ひ	ひげそり	手動式	燃やすごみ	
ひ	ひげそり	電気	燃やさないごみ（金属ごみ）	電池はとる
ひ	ＶＩＣＳ（ビックス）ユニット		燃やさないごみ（金属ごみ）	
ひ	ビデオカメラ		燃やさないごみ（金属ごみ）	電池はとる
ひ	ビデオテープ		燃やすごみ	
ひ	ビデオデッキ		燃やさないごみ（金属ごみ）	
ひ	ビニールシート	家庭菜園用　７０㎝超える	燃やさないごみ（埋立ごみ）	
ひ	ビニールシート	家庭菜園用　７０㎝以下	燃やすごみ	
ひ	ビニールホース	７０㎝超える	燃やさないごみ（埋立ごみ）	
ひ	ビニールホース	７０㎝以下	燃やすごみ	
ひ	ビニールロッカー	７０㎝超える	有料粗大ごみ	
ひ	ビニールロッカー	７０㎝以下	燃やさないごみ（埋立ごみ）	
ひ	火鉢		燃やさないごみ（埋立ごみ）	
ひ	肥料袋		燃やすごみ	
ひ	百円ライター		燃やさないごみ（ライター）	ガスを使い切って、専用のコンテナに入れてください
ひ	屏風	７０㎝超える	有料粗大ごみ	
ひ	屏風	７０㎝以下	燃やすごみ	
ふ	ファクシミリ		燃やさないごみ（金属ごみ）	
ふ	ファンシーケース	８０％以上金属製	燃やさないごみ（金属ごみ）	
ふ	ファンシーケース	上記以外　７０㎝超える	有料粗大ごみ	
ふ	ファンシーケース	上記以外　７０㎝以下	燃やすごみ	
ふ	ファンヒーター		燃やさないごみ（金属ごみ）	油を抜いて電池を取る
ふ	フィルムのネガ		燃やすごみ	
ふ	ブーツ	革製	燃やすごみ	
ふ	封筒		燃やすごみ	各校下・地区の集団回収もご利用ください（窓付き封筒はセロファンを取り除く）
ふ	フォーク	８０％以上金属製	燃やさないごみ（金属ごみ）	紙で包み「危険」と表示して他のごみと分ける
ふ	フォーク	プラスチック製	燃やすごみ	
ふ	フォトプリンター		燃やさないごみ（金属ごみ）	
ふ	腹膜透析パック		燃やすごみ	汚物はトイレに捨てる
ふ	ふすま	７０㎝超える	有料粗大ごみ	増改築に伴うものは請け負った業者に処分してもらう
ふ	ふすま	７０㎝以下	燃やすごみ	
ふ	プチプチ	緩衝材	資源（容プラ）	
ふ	仏壇（供養済のもの）	７０㎝超える	有料粗大ごみ	増改築に伴うものは請け負った業者に処分してもらう
ふ	仏壇（供養済のもの）	７０㎝以下	燃やさないごみ（埋立ごみ）	
ふ	筆箱	８０％以上金属製	燃やさないごみ（金属ごみ）	
ふ	筆箱	上記以外	燃やすごみ	
ふ	ふとん	７０㎝超える	有料粗大ごみ	広げたときに７０㎝を超えているものは、有料粗大ごみ
ふ	ふとん	７０㎝以下	燃やすごみ	
ふ	ふとん圧縮袋		燃やすごみ	
ふ	ふとん乾燥機		燃やさないごみ（金属ごみ）	
ふ	ふとんたたき	８０％以上金属製	燃やさないごみ（金属ごみ）	
ふ	ふとんたたき	上記以外	燃やすごみ	
ふ	フライパン		燃やさないごみ（金属ごみ）	
ふ	ブラインド	８０％以上金属製	燃やさないごみ（金属ごみ）	
ふ	ブラインド	上記以外	燃やさないごみ（埋立ごみ）	１辺７０㎝以下に裁断すれば、燃やすごみ
ふ	プラグ・ジャック		燃やさないごみ（金属ごみ）	
ふ	ぶらさがり健康器	８０％以上金属製	燃やさないごみ（金属ごみ）	
ふ	ぶらさがり健康器	上記以外	燃やさないごみ（埋立ごみ）	
ふ	プラスチック製容器・包装		資源（容プラ）	
ふ	プラズマテレビ		市で収集しない	郵便局で家電リサイクル券を購入し、指定引取場所へ
ふ	フラワースタンド	８０％以上金属製	燃やさないごみ（金属ごみ）	
ふ	フラワースタンド	上記以外　７０㎝超える	燃やさないごみ（埋立ごみ）	
ふ	フラワースタンド	上記以外　７０㎝以下	燃やすごみ	
ふ	ブランコ	８０％以上金属製	燃やさないごみ（金属ごみ）	
ふ	ブランコ	上記以外　７０㎝超える	有料粗大ごみ	
ふ	ブランコ	上記以外　７０㎝以下	燃やすごみ	
ふ	プランター		燃やすごみ	７０㎝超のものは埋立ごみ
ふ	プリンター		燃やさないごみ（金属ごみ）	
ふ	ブルーレイディスクレコーダー/プレーヤー		燃やさないごみ（金属ごみ）	
ふ	古着	綿製品	燃やすごみ	各校下・地区の集団回収もご利用ください（洗って、たたんで束ねる）
ふ	プレーヤー		燃やさないごみ（金属ごみ）	
ふ	フロアスタンド		燃やさないごみ（金属ごみ）	
ふ	風呂椅子		燃やすごみ	
ふ	風呂桶（浴槽）	８０％以上金属製	燃やさないごみ（金属ごみ）	
ふ	風呂桶（浴槽）	上記以外　７０㎝超える	有料粗大ごみ	
ふ	風呂桶（浴槽）	上記以外　７０㎝以下	燃やすごみ	
ふ	風呂がま		燃やさないごみ（金属ごみ）	増改築に伴うものは請け負った業者に処分してもらう
ふ	プロジェクター	プロジェクションテレビ含む	燃やさないごみ（金属ごみ）	
ふ	ブロック		燃やさないごみ（埋立ごみ）	小さく割る　量が多い場合は有料多量ごみへ
ふ	フロッピーディスク		燃やすごみ	
ふ	風呂のふた		燃やさないごみ（埋立ごみ）	７０㎝以下に裁断すれば、燃やすごみ
ふ	プロパンガスボンベ		市で収集しない	購入先へ持参すると引き取っていただけます
ふ	風呂マット	７０㎝超える	有料粗大ごみ	広げたときに７０㎝を超えているものは、有料粗大ごみ
ふ	風呂マット	７０㎝以下	燃やすごみ	
ふ	噴霧器	８０％以上金属製	燃やさないごみ（金属ごみ）	
ふ	噴霧器	上記以外	燃やさないごみ（埋立ごみ）	
ふ	文鎮	８０％以上金属製	燃やさないごみ（金属ごみ）	
ふ	文鎮	上記以外	燃やさないごみ（埋立ごみ）	
へ	ヘアーカーラー		燃やすごみ	
へ	ヘアードライヤー		燃やさないごみ（金属ごみ）	
へ	ヘアーブラシ	８０％以上金属製	燃やさないごみ（金属ごみ）	
へ	ヘアーブラシ	上記以外	燃やすごみ	
へ	ベッド	８０％以上金属製	燃やさないごみ（金属ごみ）	
へ	ベッド	上記以外　７０㎝超える	有料粗大ごみ	マットレスを除く（マットレスがベッドと一体になり、取り外せないものはベッドの扱い）
へ	ベッド	上記以外　７０㎝以下	燃やすごみ	
へ	ペット小屋	８０％以上金属製	燃やさないごみ（金属ごみ）	
へ	ペット小屋	上記以外　７０㎝超える	有料粗大ごみ	
へ	ペット小屋	上記以外　７０㎝以下	燃やすごみ	
へ	ペットシーツ		燃やすごみ	汚物はトイレに捨てる
へ	ペットのフン		燃やすごみ	汚物はトイレに捨てる
へ	ペットボトル		資源（ペットボトル）	キャップを外してひと洗い
へ	ペットボトルのキャップ	プラスチック製	資源（容プラ）	
へ	ペットボトルのラベル		資源（容プラ）	
へ	ヘッドホン		燃やさないごみ（金属ごみ）	
へ	ベッドマットレス	７０㎝超える	有料粗大ごみ	
へ	ベッドマットレス	７０㎝以下	燃やすごみ	スプリングが入っているものは、埋立ごみ
へ	ベニヤ板	７０㎝超える	有料粗大ごみ	
へ	ベニヤ板	７０㎝以下	燃やすごみ	
へ	ベビーカー	７０㎝超える	有料粗大ごみ	
へ	ベビーカー	７０㎝以下	燃やさないごみ（埋立ごみ）	
へ	ベビーシート		燃やさないごみ（埋立ごみ）	
へ	ベビーチェアー		燃やさないごみ（埋立ごみ）	
へ	ベビーバス	７０㎝超える	有料粗大ごみ	
へ	ベビーバス	７０㎝以下	燃やすごみ	
へ	ベビーベッド	８０％以上金属製	燃やさないごみ（金属ごみ）	
へ	ベビーベッド	上記以外　７０㎝超える	有料粗大ごみ	
へ	ベビーベッド	上記以外　７０㎝以下	燃やすごみ	
へ	ベビーラック		燃やさないごみ（埋立ごみ）	
へ	ベビー用手押し車		燃やすごみ	
へ	ベランダ収納庫	８０％以上金属製	燃やさないごみ（金属ごみ）	
へ	ベランダ収納庫	上記以外　７０㎝超える	有料粗大ごみ	
へ	ベランダ収納庫	上記以外　７０㎝以下	燃やすごみ	
へ	ヘルスメーター		燃やさないごみ（金属ごみ）	
へ	ベルト		燃やすごみ	金属部分は取り外し、埋立ごみの日の金属へ
へ	ヘルメット	オートバイ用	燃やさないごみ（埋立ごみ）	
へ	ヘルメット	上記以外	燃やすごみ	
へ	ペンキ		市で収集しない	専門業者に処分を依頼してください
へ	便座	電動	燃やさないごみ（金属ごみ）	
へ	便座	上記以外	燃やすごみ	
へ	ベンチ（椅子）	８０％以上金属製	燃やさないごみ（金属ごみ）	
へ	ベンチ（椅子）	上記以外　７０㎝超える	有料粗大ごみ	
へ	ベンチ（椅子）	上記以外　７０㎝以下	燃やすごみ	
へ	ベンチプレスマシン		燃やさないごみ（金属ごみ）	
ほ	ホイール	自動車用・アルミ・スチール製	燃やさないごみ（金属ごみ）	
ほ	望遠鏡		燃やさないごみ（埋立ごみ）	
ほ	ほうき	７０㎝超える	燃やさないごみ（埋立ごみ）	
ほ	ほうき	７０㎝以下	燃やすごみ	
ほ	包装用フィルム		資源（容プラ）	
ほ	包丁	８０％以上金属製	燃やさないごみ（金属ごみ）	紙で包み「危険」と表示して他のごみと分ける
ほ	包丁	上記以外	燃やさないごみ（埋立ごみ）	
ほ	ボウリングのボール		燃やさないごみ（埋立ごみ）	
ほ	ボウル	８０％以上金属製	燃やさないごみ（金属ごみ）	
ほ	ボウル	耐熱ガラス製	燃やさないごみ（埋立ごみ）	
ほ	ボウル	上記以外	燃やすごみ	
ほ	ホース	７０㎝超える	燃やさないごみ（埋立ごみ）	
ほ	ホース	７０㎝以下	燃やすごみ	
ほ	ホースリール	８０％以上金属製	燃やさないごみ（金属ごみ）	
ほ	ホースリール	上記以外	燃やすごみ	
ほ	ポータブルコピー機		燃やさないごみ（金属ごみ）	
ほ	ポータブルトイレ		燃やすごみ	汚物はトイレに捨てる
ほ	ホームベーカリー		燃やさないごみ（金属ごみ）	
ほ	ホームラック	８０％以上金属製	燃やさないごみ（金属ごみ）	
ほ	ホームラック	上記以外　７０㎝超える	有料粗大ごみ	
ほ	ホームラック	上記以外　７０㎝以下	燃やすごみ	扉や戸がガラスのものは、埋立ごみへ
ほ	ボール	ゴルフ・野球・サッカー・テニスなど	燃やすごみ	
ほ	ボールペン		燃やすごみ	
ほ	ホーロー鍋		燃やさないごみ（金属ごみ）	
ほ	木刀	７０㎝超える	燃やさないごみ（埋立ごみ）	
ほ	木刀	７０㎝以下	燃やすごみ	
ほ	歩行器	８０％以上金属製	燃やさないごみ（金属ごみ）	
ほ	歩行器	上記以外	燃やさないごみ（埋立ごみ）	
ほ	ボタン電池		資源（水銀含有製品）	電池リサイクル協力店でも回収しています
ほ	ポット	電動	燃やさないごみ（金属ごみ）	
ほ	ポット	８０％以上金属製	燃やさないごみ（金属ごみ）	
ほ	ポット	ガラス製・陶磁器製	燃やさないごみ（埋立ごみ）	
ほ	ポット	上記以外	燃やすごみ	
ほ	ホットカーペット		燃やさないごみ（金属ごみ）	上敷きは有料粗大ごみ
ほ	ホットプレート		燃やさないごみ（金属ごみ）	
ほ	ホッピング	８０％以上金属製	燃やさないごみ（金属ごみ）	
ほ	ホッピング	上記以外	燃やすごみ	
ほ	ボディーボード	７０㎝超える	燃やさないごみ（埋立ごみ）	
ほ	ボディーボード	７０㎝以下	燃やすごみ	
ほ	ほ乳びん	ガラス製	燃やさないごみ（埋立ごみ）	
ほ	ほ乳びん	上記以外	燃やすごみ	
ほ	ポリタンク		燃やすごみ	中身を抜く
ほ	ポリバケツ	７０㎝超える	燃やさないごみ（埋立ごみ）	
ほ	ポリバケツ	７０㎝以下	燃やすごみ	
ほ	保冷剤		燃やすごみ	
ほ	ホワイトボード		燃やさないごみ（埋立ごみ）	
ほ	本棚	８０％以上金属製	燃やさないごみ（金属ごみ）	
ほ	本棚	上記以外　７０㎝超える	有料粗大ごみ	
ほ	本棚	上記以外　７０㎝以下	燃やすごみ	扉や戸がガラスのものは、埋立ごみへ
ま	マージャンパイ		燃やすごみ	
ま	マイク		燃やさないごみ（金属ごみ）	
ま	マガジンラック	８０％以上金属製	燃やさないごみ（金属ごみ）	
ま	マガジンラック	上記以外　７０㎝超える	有料粗大ごみ	
ま	マガジンラック	上記以外　７０㎝以下	燃やすごみ	
ま	枕	７０㎝超える	燃やさないごみ（埋立ごみ）	
ま	枕	７０㎝以下	燃やすごみ	
ま	マッサージ機	いす型	燃やさないごみ（金属ごみ）	
ま	マッチ		燃やすごみ	水で湿らせて出してください
ま	マット	７０㎝超える	有料粗大ごみ	広げたときに７０㎝を超えているものは、有料粗大ごみ
ま	マット	繊維製・ゴム製、７０㎝以下	燃やすごみ	
ま	マットレス	７０㎝超える	有料粗大ごみ	広げたときに７０㎝を超えているものは、有料粗大ごみ
ま	マットレス	７０㎝以下	燃やすごみ	スプリングが入っているものは、埋立ごみ
ま	窓用換気扇	ウインドファン	燃やさないごみ（金属ごみ）	窓用エアコンは家電リサイクル品のため専門の業者で処分してもらってください
ま	まな板		燃やすごみ	
ま	マフラー（えりまき）		燃やすごみ	
ま	マヨネーズのチューブ		燃やすごみ	キャップは資源（容プラ）
ま	マルチシート	家庭菜園用・７０㎝超	燃やさないごみ（埋立ごみ）	７０㎝以下に裁断すれば、燃やすごみ
ま	マルチシート	家庭菜園用・７０㎝以下	燃やすごみ	
ま	マレットゴルフスティック		燃やさないごみ（埋立ごみ）	
み	ミキサー		燃やさないごみ（金属ごみ）	
み	ミシン		燃やさないごみ（金属ごみ）	
み	密封容器	プラスチック製	燃やすごみ	
み	密封容器	ガラス製	燃やさないごみ（埋立ごみ）	
み	密封容器	ステンレス製	燃やさないごみ（金属ごみ）	
み	ミニコンポ		燃やさないごみ（金属ごみ）	
む	虫かご		燃やすごみ	
む	虫めがね		燃やさないごみ（埋立ごみ）	レンズがプラスチック製のものは、燃やすごみ
む	むしろ	７０㎝超える	燃やさないごみ（埋立ごみ）	広げたときに７０㎝を超えているものは、埋立ごみ
む	むしろ	７０㎝以下	燃やすごみ	
め	めがね	プラスチックレンズ	燃やすごみ	
め	めがね	ガラスレンズ	燃やさないごみ（埋立ごみ）	
め	めがねケース	８０％以上金属製	燃やさないごみ（金属ごみ）	
め	めがねケース	上記以外	燃やすごみ	
め	メモリー類	ＳＤカード、ＵＳＢメモリなど	燃やさないごみ（金属ごみ）	
め	面	野球・剣道用	燃やさないごみ（金属ごみ）	金属でないものは埋立ごみ
も	毛布	７０㎝超える	有料粗大ごみ	広げたときに７０㎝を超えているものは、有料粗大ごみ
も	毛布	７０㎝以下	燃やすごみ	
も	餅つき機		燃やさないごみ（金属ごみ）	
も	モップ		燃やさないごみ（埋立ごみ）	
も	モデム		燃やさないごみ（金属ごみ）	
も	物置	小型	燃やさないごみ（金属ごみ）	
も	物干し	室内用	燃やさないごみ（埋立ごみ）	
も	物干しざお	８０％以上金属製	燃やさないごみ（金属ごみ）	
も	物干しざお	上記以外　７０㎝超える	有料粗大ごみ	
も	物干しざお	上記以外　７０㎝以下	燃やすごみ	
も	物干し台	８０％以上金属製	燃やさないごみ（金属ごみ）	
も	物干し台	上記以外　７０㎝超える	有料粗大ごみ	支柱１本、台座１台まで１点
も	物干し台	上記以外　７０㎝以下	燃やさないごみ（埋立ごみ）	
も	物干し台	台座のみ	燃やさないごみ（埋立ごみ）	
や	やかん	８０％以上金属製	燃やさないごみ（金属ごみ）	
や	焼き鳥の串		燃やすごみ	先を折って危なくないように
や	薬品のびん		燃やさないごみ（埋立ごみ）	
や	薬品類		市で収集しない	専門業者に処分を依頼してください
や	薬品容器	ガラス製	燃やさないごみ（埋立ごみ）	キャップを外す
や	薬品容器	プラスチック製	資源（容プラ）	
や	薬品容器	８０％以上金属製	燃やさないごみ（金属ごみ）	
や	野菜のトレイ		資源（容プラ）	スーパー等の店頭回収をご利用ください
や	野菜の包装フィルム		資源（容プラ）	
ゆ	輸液チューブ	在宅治療用	燃やすごみ	
ゆ	床暖房パネル		燃やさないごみ（金属ごみ）	
ゆ	湯たんぽ	８０％以上金属製	燃やさないごみ（金属ごみ）	
ゆ	湯たんぽ	上記以外	燃やすごみ	
ゆ	湯飲み茶碗		燃やさないごみ（埋立ごみ）	
ゆ	ゆりかご	７０㎝超える	燃やさないごみ（埋立ごみ）	
ゆ	ゆりかご	７０㎝以下	燃やすごみ	
ゆ	湯沸かし器		燃やさないごみ（金属ごみ）	電池はとる
よ	ヨーグルトのカップ容器	プラスチック製	資源（容プラ）	
よ	ヨーグルトのカップ容器	上記以外	燃やすごみ	
よ	洋だんす	７０㎝超える	有料粗大ごみ	
よ	洋だんす	７０㎝以下	燃やすごみ	
よ	浴槽	８０％以上金属製	燃やさないごみ（金属ごみ）	
よ	浴槽	上記以外　７０㎝超える	有料粗大ごみ	
よ	浴槽	上記以外　７０㎝以下	燃やさないごみ（埋立ごみ）	
よ	よしず	７０㎝超える	燃やさないごみ（埋立ごみ）	
よ	よしず	７０㎝以下	燃やすごみ	
ら	ライター		燃やさないごみ（ライター）	ガスを使い切って、専用のコンテナに入れてください
ら	ライティングデスク	８０％以上金属製	燃やさないごみ（金属ごみ）	
ら	ライティングデスク	上記以外　７０㎝超える	有料粗大ごみ	
ら	ライティングデスク	上記以外　７０㎝以下	燃やすごみ	
ら	ラケット		燃やさないごみ（埋立ごみ）	
ら	ラジオ		燃やさないごみ（金属ごみ）	電池はとる
ら	ラジカセ		燃やさないごみ（金属ごみ）	電池はとる
ら	ラジコンカー		燃やさないごみ（金属ごみ）	電池はとる
ら	ラップの芯		燃やすごみ	
ら	ランタン	電動	燃やさないごみ（金属ごみ）	
ら	ランタン	上記以外	燃やさないごみ（埋立ごみ）	油は抜く
ら	ランチジャー	プラスチック製	燃やすごみ	
ら	ランチジャー	上記以外	燃やさないごみ（埋立ごみ）	
ら	ランドセル		燃やすごみ	
ら	ランニングマシン		燃やさないごみ（金属ごみ）	
り	リール	釣り用	燃やさないごみ（金属ごみ）	
り	リビングボード	７０㎝超える	有料粗大ごみ	
り	リビングボード	７０㎝以下	燃やすごみ	扉や戸がガラスのものは、埋立ごみへ
り	リビングライト		燃やさないごみ（金属ごみ）	
り	リモコン	電化製品用	燃やさないごみ（金属ごみ）	電池はとる
り	料理用はかり		燃やさないごみ（金属ごみ）	電池はとる
り	旅行かばん	８０％以上金属製	燃やさないごみ（金属ごみ）	
り	旅行かばん	上記以外　７０㎝超える	有料粗大ごみ	
り	旅行かばん	上記以外　７０㎝以下	燃やすごみ	
る	ルーフボックス	７０㎝超える	有料粗大ごみ	
る	ルーフボックス	７０㎝以下	燃やさないごみ（埋立ごみ）	
る	ルームランナー		燃やさないごみ（金属ごみ）	
れ	冷水器		資源（フロン回収製品）	「フロン回収製品」または「冷水器」と表示してください
れ	冷蔵庫		市で収集しない	郵便局で家電リサイクル券を購入し、指定引取場所へ
れ	冷凍庫		市で収集しない	郵便局で家電リサイクル券を購入し、指定引取場所へ
れ	冷風機		燃やさないごみ（金属ごみ）	
れ	冷風扇		燃やさないごみ（金属ごみ）	
れ	レーザーディスク	ソフト	燃やすごみ	
れ	レーザーディスクプレイヤー		燃やさないごみ（金属ごみ）	
れ	レコード		燃やすごみ	
れ	レコードプレイヤー		燃やさないごみ（金属ごみ）	
れ	レジ袋	プラスチック製	資源（容プラ）	
れ	レジ袋	上記以外	燃やすごみ	
れ	レジャーテーブル	８０％以上金属製	燃やさないごみ（金属ごみ）	
れ	レジャーテーブル	上記以外　７０㎝超える	有料粗大ごみ	
れ	レジャーテーブル	上記以外　７０㎝以下	燃やすごみ	
れ	レンガ		燃やさないごみ（埋立ごみ）	小さく割る　量が多い場合は有料多量ごみへ
れ	レンジ台（食器棚）	８０％以上金属製	燃やさないごみ（金属ごみ）	
れ	レンジ台（食器棚）	上記以外　７０㎝超える	有料粗大ごみ	
れ	レンジ台（食器棚）	上記以外　７０㎝以下	燃やすごみ	
れ	レンジフードファン		燃やさないごみ（金属ごみ）	
ろ	ロープ	金属以外　７０㎝超える	燃やさないごみ（埋立ごみ）	１辺７０㎝以下に裁断すれば、燃やすごみ
ろ	ロープ	金属以外　７０㎝以下	燃やすごみ	
ろ	ローボード	７０㎝超える	有料粗大ごみ	
ろ	ローボード	７０㎝以下	燃やすごみ	扉や戸がガラスのものは、埋立ごみへ
ろ	ローラースケート		燃やさないごみ（埋立ごみ）	
ろ	ローラーブレード		燃やさないごみ（埋立ごみ）	
ろ	ロッカー	８０％以上金属製	燃やさないごみ（金属ごみ）	
ろ	ロッカー	上記以外　７０㎝超える	有料粗大ごみ	
ろ	ロッカー	上記以外　７０㎝以下	燃やすごみ	
ろ	ロッキングチェア	８０％以上金属製	燃やさないごみ（金属ごみ）	
ろ	ロッキングチェア	７０㎝超える	有料粗大ごみ	
ろ	ロッキングチェア	７０㎝以下	燃やすごみ	
わ	ワープロ		燃やさないごみ（金属ごみ）	「ワープロ」と表示
わ	ワイヤーロープ		燃やさないごみ（金属ごみ）	
わ	ワゴン	８０％以上金属製	燃やさないごみ（金属ごみ）	
わ	ワゴン	上記以外　７０㎝超える	有料粗大ごみ	
わ	ワゴン	上記以外　７０㎝以下	燃やすごみ	扉や戸がガラスのものは、埋立ごみへ
わ	和だんす	７０㎝超える	有料粗大ごみ	
わ	和だんす	７０㎝以下	燃やすごみ	
わ	割れたガラス		燃やさないごみ（埋立ごみ）	紙で包み「危険」と表示して他のごみと分ける
わ	割れたコップ		燃やさないごみ（埋立ごみ）	紙で包み「危険」と表示して他のごみと分ける
