type,name,notice,furigana,
一般ごみ,油（食用）,固めるか、古紙等に吸わせる,あ,
一般ごみ,雨具（カッパ）,,あ,
一般ごみ,網袋（プラスチック製）,商品の包装用は「容器包装プラスチック」,あ,
一般ごみ,アルバム,簡単に外せる金属類は「燃えないごみ」,あ,
一般ごみ,アルミホイル（調理用）,,あ,
燃えないごみ・あきかん・あきびん・容器包装プラスチック,アイロン,,あ,
燃えないごみ・あきかん・あきびん・容器包装プラスチック,アタッシュケース（金属製）,金属製以外は「燃える粗大ごみ」,あ,
燃えないごみ・あきかん・あきびん・容器包装プラスチック,雨傘（折りたたみ傘含む）,,あ,
燃えないごみ・あきかん・あきびん・容器包装プラスチック,雨戸（金属製）,金属製以外は「燃える粗大ごみ」買換え時は、販売店等に引き取ってもらってください,あ,
燃えないごみ・あきかん・あきびん・容器包装プラスチック,編み機,,あ,
燃えないごみ・あきかん・あきびん・容器包装プラスチック,網戸,買換え時は、販売店等に引き取ってもらってください,あ,
燃えないごみ・あきかん・あきびん・容器包装プラスチック,アンテナ,室外アンテナは小さくして出す買換え時は販売店等に引き取ってもらってください,あ,
燃えないごみ・あきかん・あきびん・容器包装プラスチック,あきかん,中を洗う（ふたやキャップは必ずとる）,あ,
燃えないごみ・あきかん・あきびん・容器包装プラスチック,アルミ缶,中を洗う（キャップは必ずとる）,あ,
燃えないごみ・あきかん・あきびん・容器包装プラスチック,あきびん（化粧品のびん、薬品のびんを除く）,中を洗う（ふたやキャップは必ずとる）※化粧品のびん・薬品のびんは「燃えないごみ」,あ,
燃えないごみ・あきかん・あきびん・容器包装プラスチック,網袋（プラスチック製）,商品の包装用以外は「一般ごみ」,あ,
燃える粗大ごみ・ペットボトル・容器包装プラスチック,アイロン台,,あ,
燃える粗大ごみ・ペットボトル・容器包装プラスチック,アタッシュケース（金属製以外）,金属製は「燃えないごみ」,あ,
燃える粗大ごみ・ペットボトル・容器包装プラスチック,雨戸（金属製以外）,金属製は「燃えないごみ」買換え時は、販売店等に引き取ってもらってください,あ,
燃える粗大ごみ・ペットボトル・容器包装プラスチック,網袋（プラスチック製）,商品の包装用以外は「一般ごみ」,あ,
一般ごみ,犬猫のふん,できるだけトイレに流す※フンの放置はやめましょう,い,
一般ごみ,衣類,裏地のないものはできるだけ指定回収施設へ,い,
一般ごみ,入れ歯,,い,
一般ごみ,印鑑（石・金属製以外）,石・金属製は「燃えないごみ」,い,
一般ごみ,インクカートリッジ,プリンター等で使用したものできるだけ店頭回収を利用してください,い,
一般ごみ,インクリボン,,い,
一般ごみ,飲料用紙パック（内側が銀色のもの）,内側が銀色のもの以外は中を洗って切り開き、乾かしてから「古紙」として出す,い,
燃えないごみ・あきかん・あきびん・容器包装プラスチック,衣装ケース（金属製）,木製・プラスチック製は「燃える粗大ごみ」,い,
燃えないごみ・あきかん・あきびん・容器包装プラスチック,椅子（いす）（金属製）,木製・プラスチック製は「燃える粗大ごみ」,い,
燃えないごみ・あきかん・あきびん・容器包装プラスチック,板ガラス,取替え時は、販売店等に引き取ってもらってください,い,
燃えないごみ・あきかん・あきびん・容器包装プラスチック,一輪車（運搬・遊具）,家庭用に限る,い,
燃えないごみ・あきかん・あきびん・容器包装プラスチック,一斗缶（家庭用）,中身の入っていないものに限る※ポリタンクは「燃える粗大ごみ」,い,
燃えないごみ・あきかん・あきびん・容器包装プラスチック,鋳物鍋（いものなべ）,,い,
燃えないごみ・あきかん・あきびん・容器包装プラスチック,印鑑（石・金属製）,石・金属製以外は「一般ごみ」,い,
燃えないごみ・あきかん・あきびん・容器包装プラスチック,飲料用容器（かん・びん・プラスチック）,中を洗う（キャップは必ずとる）びん・かん・ペットボトル・プラスチック製に分けて出す,い,
燃えないごみ・あきかん・あきびん・容器包装プラスチック,一升びん,なるべく販売店等へ返却してください,い,
燃える粗大ごみ・ペットボトル・容器包装プラスチック,衣装ケース（木製・プラスチック製）,金属製は「燃えないごみ」,い,
燃える粗大ごみ・ペットボトル・容器包装プラスチック,椅子（いす）（木製・プラスチック製）,金属製は「燃えないごみ」,い,
燃える粗大ごみ・ペットボトル・容器包装プラスチック,板戸,,い,
燃える粗大ごみ・ペットボトル・容器包装プラスチック,飲料用容器（ペットボトル・プラスチック）,中を洗う（キャップは必ずとる）びん・かん・ペットボトル・プラスチック製に分けて出す,い,
一般ごみ,浮き輪,,う,
一般ごみ,うちわ,,う,
一般ごみ,裏カーボン紙,,う,
燃えないごみ・あきかん・あきびん・容器包装プラスチック,植木鉢（陶磁器製）,土は取り除く　プラスチック製は「燃える粗大ごみ」,う,
燃えないごみ・あきかん・あきびん・容器包装プラスチック,腕時計,,う,
燃える粗大ごみ・ペットボトル・容器包装プラスチック,植木,なるべく販売店等に引き取ってもらってください、ごみに出す場合は、直径10ｃｍ×１ｍ以下に切って束ねて出す,う,
燃える粗大ごみ・ペットボトル・容器包装プラスチック,植木鉢（プラスチック製）,土は取り除く　陶磁器製は「燃えないごみ」,う,
一般ごみ,鉛筆,,え,
燃えないごみ・あきかん・あきびん・容器包装プラスチック,枝切りばさみ,刃の部分を紙や布で包んで出す,え,
燃えないごみ・あきかん・あきびん・容器包装プラスチック,絵の具のチューブ（金属製・プラスチック製）,プラスチック製は中を洗って「容器包装プラスチック」,え,
燃えないごみ・あきかん・あきびん・容器包装プラスチック,延長コード（電気コード）,縛って出す,え,
燃えないごみ・あきかん・あきびん・容器包装プラスチック,鉛筆削り,,え,
燃える粗大ごみ・ペットボトル・容器包装プラスチック,枝（自分で切ったもの）,直径10cm×1m以下に切って束ねて出す,え,
燃える粗大ごみ・ペットボトル・容器包装プラスチック,絵の具のチューブ（プラスチック製）,金属製は「燃えないごみ」,え,
一般ごみ,オイル（食用）,固めるか、古紙等に吸わせる,お,
一般ごみ,落ち葉,1回に45リットルごみ袋3つまで,お,
一般ごみ,お盆（金属製以外）,金属製は「燃えないごみ」,お,
一般ごみ,おむつ（紙・布）,汚物はトイレへ流す,お,
一般ごみ,おむつカバー,,お,
一般ごみ,おもちゃ（金属製以外）,金属製は「燃えないごみ」燃えるもので袋に入らないものは「燃える粗大ごみ」,お,
燃えないごみ・あきかん・あきびん・容器包装プラスチック,オイル缶,中身が残っている場合は「自己処理」,お,
燃えないごみ・あきかん・あきびん・容器包装プラスチック,王冠,ちらばらないように箱や袋に入れて出す,お,
燃えないごみ・あきかん・あきびん・容器包装プラスチック,応接セット（金属・ガラス・石製）,木製・プラスチック製は「燃える粗大ごみ」,お,
燃えないごみ・あきかん・あきびん・容器包装プラスチック,オーブントースター（レンジ）,,お,
燃えないごみ・あきかん・あきびん・容器包装プラスチック,押しピン、画びょう,他の燃えないごみと別にして出す,お,
燃えないごみ・あきかん・あきびん・容器包装プラスチック,お盆,木製・プラスチック製は「一般ごみ」,お,
燃えないごみ・あきかん・あきびん・容器包装プラスチック,おもちゃ（金属製）,燃えるもので袋に入るものは「一般ごみ」、袋に入らないものは「燃える粗大ごみ」,お,
燃えないごみ・あきかん・あきびん・容器包装プラスチック,オルガン,,お,
燃えないごみ・あきかん・あきびん・容器包装プラスチック,温度計,他の「燃えないごみ」と別にして出す割れたものは、紙や布に包み、「危険」と書く,お,
燃える粗大ごみ・ペットボトル・容器包装プラスチック,応接セット（木製・プラスチック製）,金属・ガラス・石製は「燃えないごみ」,お,
燃える粗大ごみ・ペットボトル・容器包装プラスチック,桶（おけ）,,お,
燃える粗大ごみ・ペットボトル・容器包装プラスチック,おまる,必ず洗って出す,お,
燃える粗大ごみ・ペットボトル・容器包装プラスチック,おもちゃ,金属製は「燃えないごみ」燃えるもので袋に入るものは「一般ごみ」,お,
一般ごみ,カード（キャッシュ・テレホン等）,,か,
一般ごみ,カーボン紙,,か,
一般ごみ,貝がら,,か,
一般ごみ,カイロ（使い捨て）,金属製は「燃えないごみ」,か,
一般ごみ,額縁（金属製以外）,金属製は「燃えないごみ」,か,
一般ごみ,カセットテープ,,か,
一般ごみ,カッパ,,か,
一般ごみ,カップめんの容器（紙製）,プラスチック製は水ですすいで「容器包装プラスチック」,か,
一般ごみ,紙おむつ,汚物はトイレへ流す,か,
一般ごみ,紙コップ,,か,
一般ごみ,紙粘土,,か,
一般ごみ,紙パック（内側が銀色のもの）,内側が銀色のもの以外は中を切り開き、乾かしてから「古紙」に出す,か,
一般ごみ,枯れ草,45ℓごみ袋３つ以上は「燃える粗大ごみ」,か,
一般ごみ,革・合成皮革製品,,か,
一般ごみ,乾燥剤,,か,
一般ごみ,感熱紙,,か,
燃えないごみ・あきかん・あきびん・容器包装プラスチック,カーテンレール,,か,
燃えないごみ・あきかん・あきびん・容器包装プラスチック,懐中電灯,乾電池は取り除く,か,
燃えないごみ・あきかん・あきびん・容器包装プラスチック,カイロ（金属製）,使い捨ては「一般ごみ」,か,
燃えないごみ・あきかん・あきびん・容器包装プラスチック,鏡,割れたものは、紙や布に包み、「危険」と書く,か,
燃えないごみ・あきかん・あきびん・容器包装プラスチック,家具（金属製）,金属製以外は「燃える粗大ごみ」,か,
燃えないごみ・あきかん・あきびん・容器包装プラスチック,学習机・椅子（金属製）,金属製以外は「燃える粗大ごみ」,か,
燃えないごみ・あきかん・あきびん・容器包装プラスチック,額縁（金属製）,金属製以外は「燃える粗大ごみ」,か,
燃えないごみ・あきかん・あきびん・容器包装プラスチック,傘,,か,
燃えないごみ・あきかん・あきびん・容器包装プラスチック,菓子缶,※汚れたものや錆びたものは「燃えないごみ」,か,
燃えないごみ・あきかん・あきびん・容器包装プラスチック,加湿器,,か,
燃えないごみ・あきかん・あきびん・容器包装プラスチック,ガス給湯器（小型家庭用）,買換え時は、販売店等に引き取ってもらってください,か,
燃えないごみ・あきかん・あきびん・容器包装プラスチック,ガスコンロ,,か,
燃えないごみ・あきかん・あきびん・容器包装プラスチック,ガスストーブ,,か,
燃えないごみ・あきかん・あきびん・容器包装プラスチック,ガスレンジ,,か,
燃えないごみ・あきかん・あきびん・容器包装プラスチック,カセットコンロ,乾電池、ボンベは取り除く,か,
燃えないごみ・あきかん・あきびん・容器包装プラスチック,カセットデッキ,,か,
燃えないごみ・あきかん・あきびん・容器包装プラスチック,カセットボンベ,中身を使いきり、必ず穴をあけて出す,か,
燃えないごみ・あきかん・あきびん・容器包装プラスチック,カッターナイフ及び刃（替刃等も含む）,刃の部分を紙や布で包んで出す,か,
燃えないごみ・あきかん・あきびん・容器包装プラスチック,家庭用家電製品（※冷蔵庫・冷凍庫・テレビ・エアコン・洗濯機・衣類乾燥機は除く）,※冷蔵庫・冷凍庫・テレビ・エアコン・洗濯機・衣類乾燥機は、販売店等に引き取ってもらって下さい詳細は、「家庭ごみ分け方・出し方」参照,か,
燃えないごみ・あきかん・あきびん・容器包装プラスチック,かなづち,,か,
燃えないごみ・あきかん・あきびん・容器包装プラスチック,カバン（金属製）,金属製以外は「燃える粗大ごみ」,か,
燃えないごみ・あきかん・あきびん・容器包装プラスチック,花瓶,割れたものは紙や布に包み、「危険」と書く,か,
燃えないごみ・あきかん・あきびん・容器包装プラスチック,鎌,刃の部分を紙や布で包んで出す,か,
燃えないごみ・あきかん・あきびん・容器包装プラスチック,カミソリ（カミソリの刃）,刃の部分を紙や布で包んで出す,か,
燃えないごみ・あきかん・あきびん・容器包装プラスチック,カメラ,電池は取り除く,か,
燃えないごみ・あきかん・あきびん・容器包装プラスチック,ガラス戸,買換え時は、販売店等に引き取ってもらってください,か,
燃えないごみ・あきかん・あきびん・容器包装プラスチック,ガラスの破片,他の燃えないごみと別にして出す,か,
燃えないごみ・あきかん・あきびん・容器包装プラスチック,カレンダー（金具部分）,金具以外は「古紙」,か,
燃えないごみ・あきかん・あきびん・容器包装プラスチック,換気扇,買換え時は、販売店等に引き取ってもらってください,か,
燃えないごみ・あきかん・あきびん・容器包装プラスチック,缶切り,刃の部分を紙や布で包んで出す,か,
燃えないごみ・あきかん・あきびん・容器包装プラスチック,乾燥機,,か,
燃えないごみ・あきかん・あきびん・容器包装プラスチック,乾電池,他の燃えないごみと別にして出す※ボタン電池・ニッカド電池は販売店等へ,か,
燃えないごみ・あきかん・あきびん・容器包装プラスチック,買い物（レジ）袋,マイバッグを使用しましょう,か,
燃えないごみ・あきかん・あきびん・容器包装プラスチック,カップめんの容器,水ですすぐ※紙製のものは一般ごみ,か,
燃える粗大ごみ・ペットボトル・容器包装プラスチック,カーテン,折りたたみ、ひもで縛って出す,か,
燃える粗大ごみ・ペットボトル・容器包装プラスチック,カーペット,筒状にして、ひもで縛って出す,か,
燃える粗大ごみ・ペットボトル・容器包装プラスチック,家具（金属製以外）,金属製は「燃えないごみ」,か,
燃える粗大ごみ・ペットボトル・容器包装プラスチック,学習机・椅子（金属製以外）,金属製は「燃えないごみ」,か,
燃える粗大ごみ・ペットボトル・容器包装プラスチック,額縁（金属製以外）,金属製は「燃えないごみ」,か,
燃える粗大ごみ・ペットボトル・容器包装プラスチック,カバン（金属製以外）,金属製は「燃えないごみ」,か,
燃える粗大ごみ・ペットボトル・容器包装プラスチック,枯れ草（多量）,45ℓごみ袋３つまでは「一般ごみ」,か,
燃える粗大ごみ・ペットボトル・容器包装プラスチック,革・合成皮革製品,,か,
燃える粗大ごみ・ペットボトル・容器包装プラスチック,買い物（レジ）袋,マイバッグを使用しましょう,か,
燃える粗大ごみ・ペットボトル・容器包装プラスチック,カップめんの容器,水ですすぐ※紙製のものは一般ごみ,か,
一般ごみ,キッチンペーパー,,き,
一般ごみ,キッチンマット,筒状にして、ひもで縛って出す　大きいものは「燃える粗大ごみ」,き,
一般ごみ,金魚鉢,ガラス製は「燃えないごみ」,き,
燃えないごみ・あきかん・あきびん・容器包装プラスチック,キーボード（楽器及びパソコン）,,き,
燃えないごみ・あきかん・あきびん・容器包装プラスチック,キーホルダー,,き,
燃えないごみ・あきかん・あきびん・容器包装プラスチック,ギター（金属製）,金属製以外は「燃える粗大ごみ」,き,
燃えないごみ・あきかん・あきびん・容器包装プラスチック,脚立（金属製）,木製は「燃える粗大ごみ」,き,
燃えないごみ・あきかん・あきびん・容器包装プラスチック,急須,,き,
燃えないごみ・あきかん・あきびん・容器包装プラスチック,鏡台・ドレッサー（鏡部分）,鏡部分以外は「燃える粗大ごみ」,き,
燃えないごみ・あきかん・あきびん・容器包装プラスチック,きり,刃の部分を紙や布で包んで出す,き,
燃えないごみ・あきかん・あきびん・容器包装プラスチック,金魚鉢,ガラス製以外は「一般ごみ」又は「燃える粗大ごみ」,き,
燃えないごみ・あきかん・あきびん・容器包装プラスチック,金庫（手提げ金庫程度）,※耐火金庫等一人で運べないものは自己処理,き,
燃えないごみ・あきかん・あきびん・容器包装プラスチック,金属製のふた（キャップ）,,き,
燃えないごみ・あきかん・あきびん・容器包装プラスチック,牛乳びん,配達分は販売店等に返却してください,き,
燃える粗大ごみ・ペットボトル・容器包装プラスチック,木くず・木の枝,直径10cm×１m以下に切って束ねて出す,き,
燃える粗大ごみ・ペットボトル・容器包装プラスチック,ギター（金属製以外）,金属製は「燃えないごみ」,き,
燃える粗大ごみ・ペットボトル・容器包装プラスチック,キッチンマット（大きいもの）,筒状にして、ひもで縛って出す　小さいものは「一般ごみ」,き,
燃える粗大ごみ・ペットボトル・容器包装プラスチック,脚立（木製）,金属製は「燃えないごみ」,き,
燃える粗大ごみ・ペットボトル・容器包装プラスチック,鏡台・ドレッサー（鏡部分以外）,鏡部分は「燃えないごみ」,き,
燃える粗大ごみ・ペットボトル・容器包装プラスチック,金魚鉢,ガラス製は「燃えないごみ」,き,
一般ごみ,空気入れ（プラスチック製）,※プラスチック製（うきわ等に空気を入れるポンプ）以外は「燃えないごみ」,く,
一般ごみ,草花,土は取り除く,く,
一般ごみ,櫛,金属製は「燃えないごみ」,く,
一般ごみ,串,木製は先端を折って「一般ごみ」。金属製は紙や布に包んで「燃えないごみ」,く,
一般ごみ,くつ下,,く,
一般ごみ,クッション,なるべく小さくする,く,
一般ごみ,くつ類,,く,
一般ごみ,クリーニングの袋,,く,
一般ごみ,クレヨン・クレパス,,く,
一般ごみ,グローブ,,く,
一般ごみ,軍手,,く,
燃えないごみ・あきかん・あきびん・容器包装プラスチック,空気入れ（プラスチック製以外）,※プラスチック製（うきわ等に空気を入れるポンプ）は「一般ごみ」,く,
燃えないごみ・あきかん・あきびん・容器包装プラスチック,空気清浄機,,く,
燃えないごみ・あきかん・あきびん・容器包装プラスチック,くぎ,他の燃えないごみと別にして出す,く,
燃えないごみ・あきかん・あきびん・容器包装プラスチック,草刈り鎌（家庭用）,刃の部分を紙や布で包んで出す,く,
燃えないごみ・あきかん・あきびん・容器包装プラスチック,くさり,,く,
燃えないごみ・あきかん・あきびん・容器包装プラスチック,櫛（金属製）,金属製以外は「一般ごみ」,く,
燃えないごみ・あきかん・あきびん・容器包装プラスチック,串,木製は先端を折って「一般ごみ」。金属製は紙や布に包んで「燃えないごみ」,く,
燃えないごみ・あきかん・あきびん・容器包装プラスチック,口紅の容器,金属製は「燃えないごみ」。プラスチック製は「容器包装プラスチック」,く,
燃えないごみ・あきかん・あきびん・容器包装プラスチック,クリスタルガラス,,く,
燃えないごみ・あきかん・あきびん・容器包装プラスチック,車椅子,,く,
燃えないごみ・あきかん・あきびん・容器包装プラスチック,グローランプ（球）,他の燃えないごみと別にして出す,く,
燃える粗大ごみ・ペットボトル・容器包装プラスチック,クーラーボックス,金具があれば外す,く,
燃える粗大ごみ・ペットボトル・容器包装プラスチック,クッション,なるべく小さくする,く,
燃える粗大ごみ・ペットボトル・容器包装プラスチック,口紅の容器（プラスチック製）,金属製は「燃えないごみ」,く,
一般ごみ,毛糸,,け,
一般ごみ,ゲームソフト,,け,
一般ごみ,下駄,金属製は「燃えないごみ」,け,
一般ごみ,玄関マット,折りたたみ、ひもで縛って出す。大きいものは「燃える粗大ごみ」,け,
燃えないごみ・あきかん・あきびん・容器包装プラスチック,蛍光灯・蛍光管,他の燃えないごみと別にして出す,け,
燃えないごみ・あきかん・あきびん・容器包装プラスチック,計量秤,家庭用に限る,け,
燃えないごみ・あきかん・あきびん・容器包装プラスチック,ゲーム機,他の燃えないごみと別にして出す。※ボタン電池・ニッカド電池は販売店等へ,け,
燃えないごみ・あきかん・あきびん・容器包装プラスチック,化粧品容器,ガラス製・金属製は「燃えないごみ」（資源のびんに混ぜないこと）。プラスチック製は「容器包装プラスチック」,け,
燃えないごみ・あきかん・あきびん・容器包装プラスチック,下駄（金属製）,金属製以外は「一般ごみ」,け,
燃えないごみ・あきかん・あきびん・容器包装プラスチック,剣山,他の燃えないごみと別にして出す,け,
燃える粗大ごみ・ペットボトル・容器包装プラスチック,下駄箱,,け,
燃える粗大ごみ・ペットボトル・容器包装プラスチック,玄関マット,折りたたみ、ひもで縛って出す。小さいものは「一般ごみ」,け,
燃える粗大ごみ・ペットボトル・容器包装プラスチック,化粧品容器,ガラス製・金属製は「燃えないごみ」（資源のびんに混ぜないこと）。プラスチック製は「容器包装プラスチック」,け,
一般ごみ,ゴーグル,,こ,
一般ごみ,コップ,ガラス・陶器・金属製は「燃えないごみ」,こ,
一般ごみ,ゴム手袋,,こ,
一般ごみ,コルク栓,,こ,
一般ごみ,ゴルフボール,,こ,
一般ごみ,コンパクト,金属製は「燃えないごみ」,こ,
燃えないごみ・あきかん・あきびん・容器包装プラスチック,碁石,,こ,
燃えないごみ・あきかん・あきびん・容器包装プラスチック,コードリール,,こ,
燃えないごみ・あきかん・あきびん・容器包装プラスチック,コーヒーメーカー,,こ,
燃えないごみ・あきかん・あきびん・容器包装プラスチック,小型家電製品（家庭用）。※（冷蔵庫・冷凍庫・テレビ・エアコン・洗濯機・衣類乾燥機は除く）,※冷蔵庫・冷凍庫・テレビ・エアコン・洗濯機・衣類乾燥機は、販売店等に引き取ってもらってください。詳細は、家庭ごみ収集日と分け方を参照,こ,
燃えないごみ・あきかん・あきびん・容器包装プラスチック,こたつ（電熱器部分）,電熱器部分以外は「燃える粗大ごみ」,こ,
燃えないごみ・あきかん・あきびん・容器包装プラスチック,コップ（ガラス・陶器・金属製）,ガラス・陶器・金属製以外は「一般ごみ」,こ,
燃えないごみ・あきかん・あきびん・容器包装プラスチック,米びつ,プラスチック製は「燃える粗大ごみ」,こ,
燃えないごみ・あきかん・あきびん・容器包装プラスチック,ゴルフクラブ,,こ,
燃えないごみ・あきかん・あきびん・容器包装プラスチック,コンパクト（金属製）,金属製以外は「一般ごみ」,こ,
燃えないごみ・あきかん・あきびん・容器包装プラスチック,コンポ,,こ,
燃えないごみ・あきかん・あきびん・容器包装プラスチック,コーヒーのフレッシュ容器,中を洗う,こ,
燃える粗大ごみ・ペットボトル・容器包装プラスチック,ござ,折りたたみ、ひもで縛って出す,こ,
燃える粗大ごみ・ペットボトル・容器包装プラスチック,こたつ,電熱器部分は「燃えないごみ」へ,こ,
燃える粗大ごみ・ペットボトル・容器包装プラスチック,こたつ板,,こ,
燃える粗大ごみ・ペットボトル・容器包装プラスチック,こたつ布団,折りたたみ、ひもで縛って出す,こ,
燃える粗大ごみ・ペットボトル・容器包装プラスチック,米びつ（プラスチック製）,金属製は「燃えないごみ」,こ,
燃える粗大ごみ・ペットボトル・容器包装プラスチック,ゴルフバッグ,,こ,
燃える粗大ごみ・ペットボトル・容器包装プラスチック,コーヒーのフレッシュ容器,中を洗う,こ,
一般ごみ,サインペン,,さ,
一般ごみ,酒類の容器（紙製）,中を洗う（キャップは必ずとる）,さ,
一般ごみ,雑草,土を落とし乾燥させる。45ℓごみ袋３つ以上は「燃える粗大ごみ」,さ,
一般ごみ,皿,木製・プラスチック製・紙製は「一般ごみ」。金属製・ガラス製・陶器製は「燃えないごみ」,さ,
一般ごみ,ざる（木製・竹製・プラスチック製）,金属製は「燃えないごみ」,さ,
一般ごみ,サングラス（レンズ・フレーム共にプラスチックのもの）,金属製のものは「燃えないごみ」,さ,
一般ごみ,サンダル,,さ,
一般ごみ,残飯,できるだけ水分を切る,さ,
燃えないごみ・あきかん・あきびん・容器包装プラスチック,酒類の容器（かん・びん）,中を洗う（キャップは必ずとる）,さ,
燃えないごみ・あきかん・あきびん・容器包装プラスチック,座椅子（金属製）,金属製以外は「燃える粗大ごみ」,さ,
燃えないごみ・あきかん・あきびん・容器包装プラスチック,サイドボード（金属製）,金属製以外は「燃える粗大ごみ」,さ,
燃えないごみ・あきかん・あきびん・容器包装プラスチック,座卓（金属製）,金属製以外は「燃える粗大ごみ」,さ,
燃えないごみ・あきかん・あきびん・容器包装プラスチック,殺虫剤の缶,中身を使いきり、必ず穴をあけて出す,さ,
燃えないごみ・あきかん・あきびん・容器包装プラスチック,皿,木製・プラスチック製・紙製は「一般ごみ」。金属製・ガラス製・陶器製は「燃えないごみ」,さ,
燃えないごみ・あきかん・あきびん・容器包装プラスチック,ざる,木製・竹製・プラスチック製は「一般ごみ」。金属製は「燃えないごみ」,さ,
燃えないごみ・あきかん・あきびん・容器包装プラスチック,三脚（ビデオ・カメラ用）,,さ,
燃えないごみ・あきかん・あきびん・容器包装プラスチック,サングラス（金属製）,レンズ・フレーム共にプラスチックのものは「一般ごみ」,さ,
燃えないごみ・あきかん・あきびん・容器包装プラスチック,酸素スプレー缶,中身を使いきり、必ず穴をあけて出す,さ,
燃えないごみ・あきかん・あきびん・容器包装プラスチック,三輪車（子供用）,不用とわかるように表示する,さ,
燃える粗大ごみ・ペットボトル・容器包装プラスチック,酒類の容器（ペットボトル）,中を洗う（キャップは必ずとる）,さ,
燃える粗大ごみ・ペットボトル・容器包装プラスチック,座椅子（金属製以外）,金属製は「燃えないごみ」,さ,
燃える粗大ごみ・ペットボトル・容器包装プラスチック,サイドボード（金属製以外）,金属製は「燃えないごみ」,さ,
燃える粗大ごみ・ペットボトル・容器包装プラスチック,座卓（金属製以外）,金属製は「燃えないごみ」,さ,
燃える粗大ごみ・ペットボトル・容器包装プラスチック,雑草（多量）,土を落とし乾燥させる。45ℓごみ袋３つまでは「一般ごみ」,さ,
燃える粗大ごみ・ペットボトル・容器包装プラスチック,座布団,,さ,
一般ごみ,ＣＤディスク・ケース,,し,
一般ごみ,下着類,,し,
一般ごみ,下敷き,,し,
一般ごみ,シップ薬,,し,
一般ごみ,シャープペンシル,金属製は「燃えないごみ」,し,
一般ごみ,写真,,し,
一般ごみ,定規・ものさし,金属製は「燃えないごみ」,し,
一般ごみ,錠剤のケース（紙製）,プラスチック製は「容器包装プラスチック」,し,
一般ごみ,食用油,固めるか、古紙等に吸わせる,し,
一般ごみ,除湿材,,し,
燃えないごみ・あきかん・あきびん・容器包装プラスチック,醤油の容器,中を洗う（ふたやキャップは必ずとる）,し,
燃えないごみ・あきかん・あきびん・容器包装プラスチック,ＣＤラジカセ,,し,
燃えないごみ・あきかん・あきびん・容器包装プラスチック,磁石,他の燃えないごみと別にして出す,し,
燃えないごみ・あきかん・あきびん・容器包装プラスチック,自転車及び部品,不用とわかるように表示する,し,
燃えないごみ・あきかん・あきびん・容器包装プラスチック,シャープペンシル（金属製）,金属製以外は「一般ごみ」,し,
燃えないごみ・あきかん・あきびん・容器包装プラスチック,ジューサーミキサー,,し,
燃えないごみ・あきかん・あきびん・容器包装プラスチック,瞬間湯沸器（小型家庭用）,買換え時は、販売店等に引き取ってもらってください,し,
燃えないごみ・あきかん・あきびん・容器包装プラスチック,定規・ものさし（金属製）,金属製以外は「一般ごみ」,し,
燃えないごみ・あきかん・あきびん・容器包装プラスチック,消臭スプレー缶,中身を使いきり、必ず穴をあけて出す,し,
燃えないごみ・あきかん・あきびん・容器包装プラスチック,照明器具,蛍光灯、蛍光管、電球ははずして別にする,し,
燃えないごみ・あきかん・あきびん・容器包装プラスチック,じょうろ（金属製）,金属製以外は「燃える粗大ごみ」,し,
燃えないごみ・あきかん・あきびん・容器包装プラスチック,除湿機,,し,
燃えないごみ・あきかん・あきびん・容器包装プラスチック,食器洗い機・食器乾燥機,,し,
燃えないごみ・あきかん・あきびん・容器包装プラスチック,食器棚（ガラス部分）,ガラス部分以外は「燃える粗大ごみ」,し,
燃えないごみ・あきかん・あきびん・容器包装プラスチック,シャンプーの容器,中を洗う（ふたやキャップは必ずとる）,し,
燃えないごみ・あきかん・あきびん・容器包装プラスチック,錠剤のケース（プラスチック製）,紙製の袋は「一般ごみ」,し,
燃えないごみ・あきかん・あきびん・容器包装プラスチック,食品トレイ,発泡スチロール製トレイは、なるべくスーパー等の回収箱をご利用ください,し,
燃える粗大ごみ・ペットボトル・容器包装プラスチック,磁気マットレス,折りたたみ、ひもで縛って出す,し,
燃える粗大ごみ・ペットボトル・容器包装プラスチック,じゅうたん,筒状にして、ひもで縛って出す,し,
燃える粗大ごみ・ペットボトル・容器包装プラスチック,じょうろ（金属製以外）,金属製は「燃えないごみ」,し,
燃える粗大ごみ・ペットボトル・容器包装プラスチック,食器棚,ガラス部分は「燃えないごみ」,し,
燃える粗大ごみ・ペットボトル・容器包装プラスチック,シャンプーの容器,中を洗う（ふたやキャップは必ずとる）,し,
燃える粗大ごみ・ペットボトル・容器包装プラスチック,錠剤のケース（プラスチック製）,紙製の袋は「一般ごみ」,し,
燃える粗大ごみ・ペットボトル・容器包装プラスチック,醤油の容器（プラスチック製）,中を洗う（ふたやキャップは必ずとる）,し,
燃える粗大ごみ・ペットボトル・容器包装プラスチック,食品トレイ,発泡スチロール製トレイは、なるべくスーパー等の回収箱をご利用ください,し,
一般ごみ,水筒,金属製は「燃えないごみ」,す,
一般ごみ,スーツ,裏地のあるものは「一般ごみ」,す,
一般ごみ,スキーウェア,,す,
一般ごみ,スキー手袋,,す,
一般ごみ,スケール（巻尺）,金属製は「燃えないごみ」,す,
一般ごみ,ストッキング,,す,
一般ごみ,スパイクシューズ,外れるスパイク部分は「燃えないごみ」,す,
一般ごみ,スプーン,金属製は「燃えないごみ」,す,
一般ごみ,炭・墨,,す,
燃えないごみ・あきかん・あきびん・容器包装プラスチック,スチール缶,中を洗う（キャップは必ずとる）,す,
燃えないごみ・あきかん・あきびん・容器包装プラスチック,水槽,ガラス製以外は「燃える粗大ごみ」,す,
燃えないごみ・あきかん・あきびん・容器包装プラスチック,水筒,金属製以外は「一般ごみ」又は「燃える粗大ごみ」,す,
燃えないごみ・あきかん・あきびん・容器包装プラスチック,炊飯器,,す,
燃えないごみ・あきかん・あきびん・容器包装プラスチック,スーツケース（金属製）,金属製以外は「燃える粗大ごみ」,す,
燃えないごみ・あきかん・あきびん・容器包装プラスチック,スキー板・ストック,,す,
燃えないごみ・あきかん・あきびん・容器包装プラスチック,スキャナー,,す,
燃えないごみ・あきかん・あきびん・容器包装プラスチック,スケート靴（金属製）,金属製以外は「燃える粗大ごみ」,す,
燃えないごみ・あきかん・あきびん・容器包装プラスチック,スケール（巻尺）（金属製）,金属製以外は「一般ごみ」,す,
燃えないごみ・あきかん・あきびん・容器包装プラスチック,スコップ（金属製）,金属製以外は「燃える粗大ごみ」,す,
燃えないごみ・あきかん・あきびん・容器包装プラスチック,硯（すずり）,,す,
燃えないごみ・あきかん・あきびん・容器包装プラスチック,スタンプ台,,す,
燃えないごみ・あきかん・あきびん・容器包装プラスチック,ステレオ,,す,
燃えないごみ・あきかん・あきびん・容器包装プラスチック,ストーブ,油・電池は必ず取り除く,す,
燃えないごみ・あきかん・あきびん・容器包装プラスチック,スノーボード,,す,
燃えないごみ・あきかん・あきびん・容器包装プラスチック,スパナ,,す,
燃えないごみ・あきかん・あきびん・容器包装プラスチック,スピーカ（金属部分）,外した金属部分以外は「燃える粗大ごみ」,す,
燃えないごみ・あきかん・あきびん・容器包装プラスチック,スプーン（金属製）,金属製以外は「一般ごみ」,す,
燃えないごみ・あきかん・あきびん・容器包装プラスチック,スプレー缶,中身を使いきり、必ず穴をあけて出す,す,
燃えないごみ・あきかん・あきびん・容器包装プラスチック,すべり台（家庭用）（金属製）,金属製以外は「燃える粗大ごみ」,す,
燃えないごみ・あきかん・あきびん・容器包装プラスチック,ズボンプレッサー,,す,
燃えないごみ・あきかん・あきびん・容器包装プラスチック,すり鉢,,す,
燃える粗大ごみ・ペットボトル・容器包装プラスチック,水槽,ガラス製は「燃えないごみ」,す,
燃える粗大ごみ・ペットボトル・容器包装プラスチック,水筒,金属製は「燃えないごみ」,す,
燃える粗大ごみ・ペットボトル・容器包装プラスチック,スーツケース,金属製は「燃えないごみ」,す,
燃える粗大ごみ・ペットボトル・容器包装プラスチック,スキー靴,,す,
燃える粗大ごみ・ペットボトル・容器包装プラスチック,スケート靴,金属製は「燃えないごみ」,す,
燃える粗大ごみ・ペットボトル・容器包装プラスチック,スコップ,金属製は「燃えないごみ」,す,
燃える粗大ごみ・ペットボトル・容器包装プラスチック,すだれ,筒状にして、ひもで縛って出す,す,
燃える粗大ごみ・ペットボトル・容器包装プラスチック,すのこ,,す,
燃える粗大ごみ・ペットボトル・容器包装プラスチック,スピーカ,外した金属部分は「燃えないごみ」,す,
燃える粗大ごみ・ペットボトル・容器包装プラスチック,スプリング入りマットレス,,す,
燃える粗大ごみ・ペットボトル・容器包装プラスチック,すべり台（家庭用）,金属製は「燃えないごみ」,す,
一般ごみ,生理用品,,せ,
一般ごみ,石油ポンプ（手動）,,せ,
一般ごみ,洗剤容器,プラスチック製は「容器包装プラスチック」（なるべく詰め替えて再利用しましょう）,せ,
一般ごみ,扇子,金属製は「燃えないごみ」,せ,
一般ごみ,洗濯バサミ,金属製は「燃えないごみ」,せ,
一般ごみ,洗面器,金属製は「燃えないごみ」,せ,
燃えないごみ・あきかん・あきびん・容器包装プラスチック,石油ストーブ・ファンヒーター,油・電池は必ず取り除く,せ,
燃えないごみ・あきかん・あきびん・容器包装プラスチック,石油ポンプ（電動）,電池は取り除く,せ,
燃えないごみ・あきかん・あきびん・容器包装プラスチック,瀬戸物（茶碗等）,,せ,
燃えないごみ・あきかん・あきびん・容器包装プラスチック,セロテープの台（おもりつき）,,せ,
燃えないごみ・あきかん・あきびん・容器包装プラスチック,扇子,金属製以外は「一般ごみ」,せ,
燃えないごみ・あきかん・あきびん・容器包装プラスチック,洗濯バサミ,金属製以外は「一般ごみ」,せ,
燃えないごみ・あきかん・あきびん・容器包装プラスチック,栓抜き,,せ,
燃えないごみ・あきかん・あきびん・容器包装プラスチック,扇風機,,せ,
燃えないごみ・あきかん・あきびん・容器包装プラスチック,洗面器,金属製以外は「一般ごみ」又は「燃える粗大ごみ」,せ,
燃えないごみ・あきかん・あきびん・容器包装プラスチック,洗剤容器,紙製は「一般ごみ」（なるべく詰め替えて再利用しましょう）,せ,
燃える粗大ごみ・ペットボトル・容器包装プラスチック,剪定木くず,直径10cm×1m以下に切って束ねて出す,せ,
燃える粗大ごみ・ペットボトル・容器包装プラスチック,洗面器,金属製は「燃えないごみ」,せ,
燃える粗大ごみ・ペットボトル・容器包装プラスチック,洗剤容器,紙製は「一般ごみ」（なるべく詰め替えて再利用しましょう）,せ,
一般ごみ,造花,,そ,
一般ごみ,雑巾,乾かして出す,そ,
一般ごみ,ぞうり,,そ,
一般ごみ,そろばん,,そ,
燃えないごみ・あきかん・あきびん・容器包装プラスチック,双眼鏡,,そ,
燃えないごみ・あきかん・あきびん・容器包装プラスチック,掃除機,,そ,
燃えないごみ・あきかん・あきびん・容器包装プラスチック,ソースのプラスチック容器,中を洗う（キャップは必ずとる）,そ,
燃えないごみ・あきかん・あきびん・容器包装プラスチック,ソケット,,そ,
燃える粗大ごみ・ペットボトル・容器包装プラスチック,ソースのプラスチック容器,中を洗う（キャップは必ずとる）,そ,
燃える粗大ごみ・ペットボトル・容器包装プラスチック,ソファー,,そ,
燃える粗大ごみ・ペットボトル・容器包装プラスチック,そり（子供玩具）,,そ,
一般ごみ,タイヤ・チューブ（自転車用）,なるべく販売店等に引き取ってもらってください,た,
一般ごみ,タオル（汚れがひどいもの）,,た,
一般ごみ,脱臭剤,,た,
一般ごみ,タバコの吸い殻,水をかけて、消火を確認して出す,た,
一般ごみ,たまごの殻,,た,
一般ごみ,たわし（金属製以外）,金属製は「燃えないごみ」,た,
燃えないごみ・あきかん・あきびん・容器包装プラスチック,体温計（ガラス・電子）,水銀体温計は他の「燃えないごみ」と分けるケース等に入れ割れないようにして出す割れたものは袋等に入れ内容を表示する,た,
燃えないごみ・あきかん・あきびん・容器包装プラスチック,体重計,,た,
燃えないごみ・あきかん・あきびん・容器包装プラスチック,耐熱ガラス・食器,,た,
燃えないごみ・あきかん・あきびん・容器包装プラスチック,タイプライター,,た,
燃えないごみ・あきかん・あきびん・容器包装プラスチック,タイヤチェーン（自家用車用）,,た,
燃えないごみ・あきかん・あきびん・容器包装プラスチック,たまごケース,,た,
燃えないごみ・あきかん・あきびん・容器包装プラスチック,たわし（金属製）,金属製以外は「一般ごみ」,た,
燃える粗大ごみ・ペットボトル・容器包装プラスチック,タイヤ・チューブ（自転車用）,なるべく販売店等に引き取ってもらってください,た,
燃える粗大ごみ・ペットボトル・容器包装プラスチック,たたみ,買換え時は、販売店等に引き取ってもらってください,た,
燃える粗大ごみ・ペットボトル・容器包装プラスチック,たまごケース,,た,
燃える粗大ごみ・ペットボトル・容器包装プラスチック,箪笥（たんす）,できるだけ壊して小さくする,た,
一般ごみ,茶碗（陶器製以外）,陶器製は「燃えないごみ」,ち,
一般ごみ,ちり紙,,ち,
一般ごみ,塵取（ちりとり）,金属製は「燃えないごみ」,ち,
燃えないごみ・あきかん・あきびん・容器包装プラスチック,茶器,,ち,
燃えないごみ・あきかん・あきびん・容器包装プラスチック,茶碗（陶器製）,陶器製以外は「一般ごみ」,ち,
燃えないごみ・あきかん・あきびん・容器包装プラスチック,調味料の容器,中を洗う（ふたやキャップは必ずとる）,ち,
燃えないごみ・あきかん・あきびん・容器包装プラスチック,塵取（ちりとり）（金属製）,金属製以は「一般ごみ」又は「燃える粗大ごみ」,ち,
燃える粗大ごみ・ペットボトル・容器包装プラスチック,チャイルドシート,,ち,
燃える粗大ごみ・ペットボトル・容器包装プラスチック,調味料の容器（プラスチック製）,中を洗う（ふたやキャップは必ずとる）,ち,
燃える粗大ごみ・ペットボトル・容器包装プラスチック,塵取（ちりとり）,金属製は「燃えないごみ」,ち,
一般ごみ,釣り糸,なるべく販売店等に引き取ってもらってください,つ,
燃えないごみ・あきかん・あきびん・容器包装プラスチック,釣り針,他の燃えないごみと別にして出す,つ,
燃える粗大ごみ・ペットボトル・容器包装プラスチック,釣り竿,,つ,
一般ごみ,Tシャツ,汚れたものは「一般ごみ」,て,
一般ごみ,DVDディスク・ケース,,て,
一般ごみ,ティッシュペーパー,,て,
一般ごみ,テーブルクロス,大きいものは「燃える粗大ごみ」,て,
一般ごみ,デスクマット,大きいものは、筒状にしてひもで縛って「燃える粗大ごみ」,て,
一般ごみ,テニスボール,,て,
一般ごみ,手袋,,て,
一般ごみ,テレホンカード,,て,
一般ごみ,天ぷら油,固めるか、古紙等に吸わせる,て,
燃えないごみ・あきかん・あきびん・容器包装プラスチック,DVDデッキ,,て,
燃えないごみ・あきかん・あきびん・容器包装プラスチック,テーブル（金属製）,金属製以外は「燃える粗大ごみ」,て,
燃えないごみ・あきかん・あきびん・容器包装プラスチック,テープレコーダー,電池は取り除く,て,
燃えないごみ・あきかん・あきびん・容器包装プラスチック,テレビアンテナ,部外アンテナは小さくして出す。買い替え時は販売店等に引き取ってもらってください。,て,
燃えないごみ・あきかん・あきびん・容器包装プラスチック,テレビ台（金属製）,金属製以外は「燃える粗大ごみ」,て,
燃えないごみ・あきかん・あきびん・容器包装プラスチック,電化製品(家庭用)（冷蔵庫、冷凍庫、テレビ、エアコン、洗濯機、衣類乾燥機は除く）,※冷蔵庫・冷凍庫・テレビ・エアコン・洗濯機・衣類乾燥機は、販売店等に引き取ってもらってください。詳細は、家庭ごみ収集日と分け方を参照,て,
燃えないごみ・あきかん・あきびん・容器包装プラスチック,電気こたつ（電熱器部分）,電熱器部分以外は「燃える粗大ごみ」,て,
燃えないごみ・あきかん・あきびん・容器包装プラスチック,電気スタンド,,て,
燃えないごみ・あきかん・あきびん・容器包装プラスチック,電気ポット,,て,
燃えないごみ・あきかん・あきびん・容器包装プラスチック,電球,他の燃えないごみと別にして出す,て,
燃えないごみ・あきかん・あきびん・容器包装プラスチック,電子オルガン,,て,
燃えないごみ・あきかん・あきびん・容器包装プラスチック,電子体温計,,て,
燃えないごみ・あきかん・あきびん・容器包装プラスチック,電子レンジ,,て,
燃えないごみ・あきかん・あきびん・容器包装プラスチック,電気コード(延長コード),縛って出すこと,て,
燃えないごみ・あきかん・あきびん・容器包装プラスチック,天体望遠鏡,,て,
燃えないごみ・あきかん・あきびん・容器包装プラスチック,電卓,電池は取り除く(ソーラー以外),て,
燃えないごみ・あきかん・あきびん・容器包装プラスチック,電池(バッテリー以外),他の燃えないごみと別にして出す※ボタン電池・ニッカド電池は販売店等へ,て,
燃えないごみ・あきかん・あきびん・容器包装プラスチック,テントの支柱（金属製）,金属製以外は「燃える粗大ごみ」,て,
燃える粗大ごみ・ペットボトル・容器包装プラスチック,テーブル,金属製は「燃えないごみ」,て,
燃える粗大ごみ・ペットボトル・容器包装プラスチック,テーブルクロス,,て,
燃える粗大ごみ・ペットボトル・容器包装プラスチック,デスクマット,大きいものは、筒状にしてひもで縛って出す,て,
燃える粗大ごみ・ペットボトル・容器包装プラスチック,テレビ台,金属製は「燃えないごみ」,て,
燃える粗大ごみ・ペットボトル・容器包装プラスチック,電気カーペット,筒状にして、ひもで縛って出す,て,
燃える粗大ごみ・ペットボトル・容器包装プラスチック,電気こたつ,電熱器部分は「燃えないごみ」,て,
燃える粗大ごみ・ペットボトル・容器包装プラスチック,電気毛布,折りたたみ、ひもで縛って出す,て,
燃える粗大ごみ・ペットボトル・容器包装プラスチック,テント,折りたたみ、ひもで縛って出す,て,
一般ごみ,籐製品,,と,
一般ごみ,灯油ポンプ（手動）,,と,
一般ごみ,鳥かご（金属製でないもの）,金属製は「燃えないごみ」,て,
燃えないごみ・あきかん・あきびん・容器包装プラスチック,砥石（といし）,,と,
燃えないごみ・あきかん・あきびん・容器包装プラスチック,陶器・陶磁器,,と,
燃えないごみ・あきかん・あきびん・容器包装プラスチック,灯油ポンプ（電動）,電池は取り除く,と,
燃えないごみ・あきかん・あきびん・容器包装プラスチック,トースター,,と,
燃えないごみ・あきかん・あきびん・容器包装プラスチック,時計（腕時計・掛け時計）,,と,
燃えないごみ・あきかん・あきびん・容器包装プラスチック,トタン,少量に限る。大量ならば販売店等にお問合せください,と,
燃えないごみ・あきかん・あきびん・容器包装プラスチック,土鍋,,と,
燃えないごみ・あきかん・あきびん・容器包装プラスチック,土瓶,,と,
燃えないごみ・あきかん・あきびん・容器包装プラスチック,ドライバー,,と,
燃えないごみ・あきかん・あきびん・容器包装プラスチック,ドライヤー,,と,
燃えないごみ・あきかん・あきびん・容器包装プラスチック,鳥かご（金属製）,,と,
燃えないごみ・あきかん・あきびん・容器包装プラスチック,塗料等のスプレー缶,中身を使いきり、必ず穴をあけて出す,と,
燃えないごみ・あきかん・あきびん・容器包装プラスチック,トレイ（発泡スチロール）,スーパー等の回収にご協力ください,と,
燃えないごみ・あきかん・あきびん・容器包装プラスチック,ドレッサー・鏡台（鏡部分）,鏡部分以外は「燃える粗大ごみ」,と,
燃える粗大ごみ・ペットボトル・容器包装プラスチック,籐製品,,と,
燃える粗大ごみ・ペットボトル・容器包装プラスチック,戸棚,ガラス部分は「燃えないごみ」,と,
燃える粗大ごみ・ペットボトル・容器包装プラスチック,鳥かご（金属製でないもの）,金属製は「燃えないごみ」,と,
燃える粗大ごみ・ペットボトル・容器包装プラスチック,トレイ（発泡スチロール）,スーパー等の回収にご協力ください,と,
燃える粗大ごみ・ペットボトル・容器包装プラスチック,ドレッサー・鏡台,鏡部分は「燃えないごみ」,と,
一般ごみ,長靴,,な,
燃えないごみ・あきかん・あきびん・容器包装プラスチック,ナイフ,刃の部分を紙や布に包んで出す,な,
燃えないごみ・あきかん・あきびん・容器包装プラスチック,鍋,,な,
燃えないごみ・あきかん・あきびん・容器包装プラスチック,波板,少量に限る。大量ならば販売店等にお問合せください,な,
燃える粗大ごみ・ペットボトル・容器包装プラスチック,生木・木の根,直径10ｃｍ×１ｍ以下に切って束ねて出す,な,
燃える粗大ごみ・ペットボトル・容器包装プラスチック,波板,少量に限る。大量ならば販売店等にお問合せください,な,
一般ごみ,人形（金属製・陶器製でないもの）,金属製・陶器製は「燃えないごみ」,に,
一般ごみ,人形ケース（ガラス製でないもの）,ガラス製は「燃えないごみ」,に,
燃えないごみ・あきかん・あきびん・容器包装プラスチック,人形（金属製・陶器製）,金属製・陶器製以外は「一般ごみ」又は「燃える粗大ごみ」,に,
燃えないごみ・あきかん・あきびん・容器包装プラスチック,人形ケース（ガラス製）,ガラス製以外は「一般ごみ」又は「燃える粗大ごみ」,に,
燃える粗大ごみ・ペットボトル・容器包装プラスチック,人形（金属製・陶器製でないもの）,金属製・陶器製は「燃えないごみ」,に,
燃える粗大ごみ・ペットボトル・容器包装プラスチック,人形ケース（ガラス製でないもの）,ガラス製は「燃えないごみ」,に,
一般ごみ,ぬいぐるみ,,ぬ,
燃えないごみ・あきかん・あきびん・容器包装プラスチック,縫い針,他の燃えないごみと別にして出す,ぬ,
燃える粗大ごみ・ペットボトル・容器包装プラスチック,ぬいぐるみ,,ぬ,
一般ごみ,ネガ（フィルム）,,ね,
燃えないごみ・あきかん・あきびん・容器包装プラスチック,ネクタイピン,,ね,
燃えないごみ・あきかん・あきびん・容器包装プラスチック,ねじ,他の燃えないごみと別にして出す,ね,
燃えないごみ・あきかん・あきびん・容器包装プラスチック,粘土（教材用）,,ね,
燃える粗大ごみ・ペットボトル・容器包装プラスチック,ねぶくろ,,ね,
燃えないごみ・あきかん・あきびん・容器包装プラスチック,のこぎり,刃の部分を紙や布に包んで出す,の,
一般ごみ,廃食油,固めるか、古紙等に吸わせる,は,
一般ごみ,はし（箸）（金属製以外）,金属製は「燃えないごみ」,は,
一般ごみ,バッグ,金属製は「燃えないごみ」,は,
一般ごみ,花火,水に浸して、消火を確認して出す,は,
一般ごみ,歯ブラシ,電動式のものは「燃えないごみ」,は,
一般ごみ,ハンコ（印鑑）,石・金属製は「燃えないごみ」,は,
燃えないごみ・あきかん・あきびん・容器包装プラスチック,灰皿,,は,
燃えないごみ・あきかん・あきびん・容器包装プラスチック,パイプ椅子,,は,
燃えないごみ・あきかん・あきびん・容器包装プラスチック,パイプベッド,,は,
燃えないごみ・あきかん・あきびん・容器包装プラスチック,はかり（家庭用）（金属製）,,は,
燃えないごみ・あきかん・あきびん・容器包装プラスチック,バケツ（金属製）,金属製以外は「燃える粗大ごみ」,は,
燃えないごみ・あきかん・あきびん・容器包装プラスチック,はさみ,刃の部分を紙や布で包んで出す,は,
燃えないごみ・あきかん・あきびん・容器包装プラスチック,はし（箸）（金属製）,金属製以外は「一般ごみ」,は,
燃えないごみ・あきかん・あきびん・容器包装プラスチック,はしご(金属製),,は,
燃えないごみ・あきかん・あきびん・容器包装プラスチック,柱時計,,は,
燃えないごみ・あきかん・あきびん・容器包装プラスチック,パソコン（周辺機器）,,は,
燃える粗大ごみ・ペットボトル・容器包装プラスチック,鉢（はち）（金属製・陶器製でないもの）,金属製・陶器製は「燃えないごみ」,は,
燃えないごみ・あきかん・あきびん・容器包装プラスチック,鉢（はち）（金属製・陶器製）,,は,
燃えないごみ・あきかん・あきびん・容器包装プラスチック,バッグ（金属製）,,は,
燃える粗大ごみ・ペットボトル・容器包装プラスチック,バット,金属製は「燃えないごみ」,は,
燃えないごみ・あきかん・あきびん・容器包装プラスチック,バット（金属製）,,は,
燃えないごみ・あきかん・あきびん・容器包装プラスチック,発泡スチロール（緩衝材）,大きいものはつぶす,は,
燃えないごみ・あきかん・あきびん・容器包装プラスチック,発砲トレイ,スーパー等の回収にご協力ください,は,
燃えないごみ・あきかん・あきびん・容器包装プラスチック,歯ブラシ（電動式）,,は,
燃えないごみ・あきかん・あきびん・容器包装プラスチック,歯磨きチューブ,中身を使いきり、汚れを落として出す,は,
燃えないごみ・あきかん・あきびん・容器包装プラスチック,刃物,刃の部分を紙や布で包んで出す,は,
燃えないごみ・あきかん・あきびん・容器包装プラスチック,針,他の燃えないごみと別にして出す,は,
燃えないごみ・あきかん・あきびん・容器包装プラスチック,針金,,は,
燃えないごみ・あきかん・あきびん・容器包装プラスチック,ハンガー（針金入り）,,は,
燃えないごみ・あきかん・あきびん・容器包装プラスチック,ハンコ（印鑑）（石・金属製）,,は,
燃えないごみ・あきかん・あきびん・容器包装プラスチック,飯ごう,,は,
燃える粗大ごみ・ペットボトル・容器包装プラスチック,はかり（家庭用）（金属製でないもの）,金属製は「燃えないごみ」,は,
燃える粗大ごみ・ペットボトル・容器包装プラスチック,バケツ（金属製でないもの）,金属製は「燃えないごみ」,は,
燃える粗大ごみ・ペットボトル・容器包装プラスチック,はしご（金属製でないもの）,金属製は「燃えないごみ」,は,
燃える粗大ごみ・ペットボトル・容器包装プラスチック,バッグ,金属製は「燃えないごみ」,は,
燃える粗大ごみ・ペットボトル・容器包装プラスチック,発泡スチロール（緩衝材）,大きいものはつぶす,は,
燃える粗大ごみ・ペットボトル・容器包装プラスチック,発砲トレイ,スーパー等の回収にご協力ください,は,
燃える粗大ごみ・ペットボトル・容器包装プラスチック,歯磨きチューブ,中身を使いきり、汚れを落として出す,は,
燃える粗大ごみ・ペットボトル・容器包装プラスチック,ハンガー,針金入りは「燃えないごみ」,は,
一般ごみ,ビデオテープ,,ひ,
一般ごみ,氷嚢（ひょうのう）,,ひ,
燃えないごみ・あきかん・あきびん・容器包装プラスチック,ビー玉,,ひ,
燃えないごみ・あきかん・あきびん・容器包装プラスチック,ビーチパラソル,できるだけ壊して小さくする,ひ,
燃えないごみ・あきかん・あきびん・容器包装プラスチック,ビンのふた,金属製は「燃えないごみ」,ひ,
燃えないごみ・あきかん・あきびん・容器包装プラスチック,ビールびん,なるべく販売店等へ返却してください,ひ,
燃えないごみ・あきかん・あきびん・容器包装プラスチック,ひげそり（カミソリ）,刃の部分を紙や布で包んで出す,ひ,
燃えないごみ・あきかん・あきびん・容器包装プラスチック,ビデオカメラ,,ひ,
燃えないごみ・あきかん・あきびん・容器包装プラスチック,火鉢,,ひ,
燃える粗大ごみ・ペットボトル・容器包装プラスチック,ビンのふた,金属製は「燃えないごみ」,ひ,
燃えないごみ・あきかん・あきびん・容器包装プラスチック,ビデオデッキ,,ひ,
一般ごみ,ファイル類（文具）,,ふ,
一般ごみ,ファックス用紙,,ふ,
一般ごみ,フィルム（ネガ）,,ふ,
一般ごみ,ブーツ,,ふ,
一般ごみ,フォーク,金属製は「燃えないごみ」,ふ,
一般ごみ,筆,,ふ,
一般ごみ,筆箱,金属製は「燃えないごみ」,ふ,
一般ごみ,プラモデル,大きいものは壊して小さくする,ふ,
一般ごみ,フロッピーディスク,,ふ,
一般ごみ,風呂マット,大きいものは「燃える粗大ごみ」,ふ,
燃えないごみ・あきかん・あきびん・容器包装プラスチック,ファックス（本体）,,ふ,
燃えないごみ・あきかん・あきびん・容器包装プラスチック,ファンヒーター,石油は使いきるか抜いて出してください,ふ,
燃えないごみ・あきかん・あきびん・容器包装プラスチック,風鈴,,ふ,
燃えないごみ・あきかん・あきびん・容器包装プラスチック,フォーク（金属製）,,ふ,
燃えないごみ・あきかん・あきびん・容器包装プラスチック,ふた（キャップ）,金属製は「燃えないごみ」。プラスチック製は「容器包装プラスチック」,ふ,
燃えないごみ・あきかん・あきびん・容器包装プラスチック,筆箱（金属製）,,ふ,
燃えないごみ・あきかん・あきびん・容器包装プラスチック,ふとん乾燥機,,ふ,
燃えないごみ・あきかん・あきびん・容器包装プラスチック,フライパン,,ふ,
燃えないごみ・あきかん・あきびん・容器包装プラスチック,ブラインド,ひもで縛って出す,ふ,
燃えないごみ・あきかん・あきびん・容器包装プラスチック,フラワーポット,,ふ,
燃えないごみ・あきかん・あきびん・容器包装プラスチック,ブランコ,,ふ,
燃えないごみ・あきかん・あきびん・容器包装プラスチック,プランター（金属・陶器製）,プラスチック製は「燃える粗大ごみ」,ふ,
燃えないごみ・あきかん・あきびん・容器包装プラスチック,プリンター,,ふ,
燃えないごみ・あきかん・あきびん・容器包装プラスチック,文鎮,,ふ,
燃える粗大ごみ・ペットボトル・容器包装プラスチック,ふすま・障子,,ふ,
燃える粗大ごみ・ペットボトル・容器包装プラスチック,ふた（キャップ）,金属製は「燃えないごみ」。プラスチック製は「容器包装プラスチック」,ふ,
燃える粗大ごみ・ペットボトル・容器包装プラスチック,ふとん,折りたたみ、ひもで縛って出す,ふ,
燃える粗大ごみ・ペットボトル・容器包装プラスチック,フラワーポット,,ふ,
燃える粗大ごみ・ペットボトル・容器包装プラスチック,プランター（プラスチック製）,金属・陶器製は「燃えないごみ」,ふ,
燃える粗大ごみ・ペットボトル・容器包装プラスチック,ブルーシート,折りたたみ、ひもで縛って出す,ふ,
燃える粗大ごみ・ペットボトル・容器包装プラスチック,風呂のふた,縛れるものは縛って出す,ふ,
燃える粗大ごみ・ペットボトル・容器包装プラスチック,風呂マット（大きい物）,,ふ,
一般ごみ,ベルト（ズボン用）,金具は「燃えないごみ」,へ,
一般ごみ,ペン,金属製は「燃えないごみ」,へ,
燃えないごみ・あきかん・あきびん・容器包装プラスチック,ペットボトルのふた・ラベル,金属製のふたは「燃えないごみ」。プラスチック製は「容器包装プラスチック」,へ,
燃えないごみ・あきかん・あきびん・容器包装プラスチック,ヘッドホン,,へ,
燃えないごみ・あきかん・あきびん・容器包装プラスチック,ベビーカー（乳母車）,金属製以外は「燃える粗大ごみ」,へ,
燃えないごみ・あきかん・あきびん・容器包装プラスチック,ヘルスメーター,,へ,
燃えないごみ・あきかん・あきびん・容器包装プラスチック,ペン（金属製）,金属製以外は「一般ごみ」,へ,
燃えないごみ・あきかん・あきびん・容器包装プラスチック,ペンキ・塗料の缶,中身の入っていないものに限る,へ,
燃えないごみ・あきかん・あきびん・容器包装プラスチック,ペンチ,,へ,
燃える粗大ごみ・ペットボトル・容器包装プラスチック,ペットボトルのふた・ラベル,金属製のふたは「燃えないごみ」。プラスチック製は「容器包装プラスチック」,へ,
燃える粗大ごみ・ペットボトル・容器包装プラスチック,ベニヤ板,少量に限る。１ｍ以下に切る,へ,
燃える粗大ごみ・ペットボトル・容器包装プラスチック,ベビーカー（乳母車）,金属製は「燃えないごみ」,へ,
燃える粗大ごみ・ペットボトル・容器包装プラスチック,ヘルメット,,へ,
一般ごみ,ほうき,,ほ,
一般ごみ,帽子,,ほ,
一般ごみ,防虫剤（錠剤）,,ほ,
一般ごみ,ホース,長いものは丸めて縛って出してください,ほ,
一般ごみ,ボールペン,金属製は「燃えないごみ」,ほ,
一般ごみ,ボタン,金属製は「燃えないごみ」,ほ,
一般ごみ,ほ乳びん,ガラス製は「燃えないごみ」,ほ,
一般ごみ,ポリ容器,中を洗う（ふたやキャップは必ずとる）,ほ,
一般ごみ,野球ボール（軟球・硬球等）,,ほ,
一般ごみ,保冷剤,,ほ,
一般ごみ,ボロキレ,,ほ,
一般ごみ,ポンプ※,電動式は「燃えないごみ」※エンジン付は販売店等にお問合せください,ほ,
燃えないごみ・あきかん・あきびん・容器包装プラスチック,望遠鏡,,ほ,
燃えないごみ・あきかん・あきびん・容器包装プラスチック,芳香剤の容器,ガラス・金属製は「燃えないごみ」。プラスチック製は「容器包装プラスチック」,ほ,
燃えないごみ・あきかん・あきびん・容器包装プラスチック,防虫剤（スプレー）,中身を使いきり、必ず穴をあけて出す,ほ,
燃えないごみ・あきかん・あきびん・容器包装プラスチック,包丁,刃の部分を紙や布で包んで出す,ほ,
燃えないごみ・あきかん・あきびん・容器包装プラスチック,ボウリングの玉,道路上に転がらないように箱や袋に入れて出す,ほ,
燃えないごみ・あきかん・あきびん・容器包装プラスチック,ボウル（食器）（金属製）,プラスチック製は「燃える粗大ごみ」,ほ,
燃えないごみ・あきかん・あきびん・容器包装プラスチック,ボールペン（金属製）,金属製以外は「一般ごみ」,ほ,
燃えないごみ・あきかん・あきびん・容器包装プラスチック,ホーロー鍋,,ほ,
燃えないごみ・あきかん・あきびん・容器包装プラスチック,歩行器（乳児用）（金具）,金具以外は「燃える粗大ごみ」,ほ,
燃えないごみ・あきかん・あきびん・容器包装プラスチック,ボタン（金属製）,金属製以外は「一般ごみ」,ほ,
燃えないごみ・あきかん・あきびん・容器包装プラスチック,ホッチキス（針も含む）,他の燃えないごみと別にして出す,ほ,
燃えないごみ・あきかん・あきびん・容器包装プラスチック,ポット,,ほ,
燃えないごみ・あきかん・あきびん・容器包装プラスチック,ホットプレート,,ほ,
燃えないごみ・あきかん・あきびん・容器包装プラスチック,ほ乳びん（ガラス製）,ガラス製以外は「一般ごみ」,ほ,
燃えないごみ・あきかん・あきびん・容器包装プラスチック,本棚（本箱）（金属製）,金属製以外は「燃える粗大ごみ」,ほ,
燃えないごみ・あきかん・あきびん・容器包装プラスチック,ポンプ（電動式）,エンジン付は販売店等にお問合せください,ほ,
燃える粗大ごみ・ペットボトル・容器包装プラスチック,ほうき,,ほ,
燃える粗大ごみ・ペットボトル・容器包装プラスチック,芳香剤の容器,ガラス・金属製は「燃えないごみ」,ほ,
燃える粗大ごみ・ペットボトル・容器包装プラスチック,ホース,長いものは丸めて縛って出してください,ほ,
燃える粗大ごみ・ペットボトル・容器包装プラスチック,ボウル（食器）,金属製は「燃えないごみ」,ほ,
燃える粗大ごみ・ペットボトル・容器包装プラスチック,歩行器（乳児用）,金具は「燃えないごみ」,ほ,
燃える粗大ごみ・ペットボトル・容器包装プラスチック,ホットカーペット,筒状にして、ひもで縛って出す,ほ,
燃える粗大ごみ・ペットボトル・容器包装プラスチック,ポリバケツ・ポリタンク,,ほ,
燃える粗大ごみ・ペットボトル・容器包装プラスチック,ポリ容器,中を洗う（ふたやキャップは必ずとる）,ほ,
燃える粗大ごみ・ペットボトル・容器包装プラスチック,本棚（本箱）,金属製は「燃えないごみ」,ほ,
一般ごみ,まくら,大きいものは「燃える粗大ごみ」,ま,
一般ごみ,マジックペン,金属製は「燃えないごみ」,ま,
一般ごみ,マッチ,水に浸して、消火を確認して出す,ま,
一般ごみ,まな板,大きいものは「燃える粗大ごみ」,ま,
一般ごみ,万年筆,金属製は「燃えないごみ」,ま,
燃えないごみ・あきかん・あきびん・容器包装プラスチック,マイク（マイクスタンドも含む）,,ま,
燃えないごみ・あきかん・あきびん・容器包装プラスチック,マッサージ機器※,※大型マッサージ機器は販売店等にお問合せください,ま,
燃えないごみ・あきかん・あきびん・容器包装プラスチック,魔法瓶,,ま,
燃えないごみ・あきかん・あきびん・容器包装プラスチック,豆電球,他の燃えないごみと別にして出す,ま,
燃えないごみ・あきかん・あきびん・容器包装プラスチック,万年筆,金属製は「燃えないごみ」,ま,
燃える粗大ごみ・ペットボトル・容器包装プラスチック,麻雀パイ,,ま,
燃える粗大ごみ・ペットボトル・容器包装プラスチック,まくら,大きいものは「燃える粗大ごみ」,ま,
燃える粗大ごみ・ペットボトル・容器包装プラスチック,マジックペン,金属製は「燃えないごみ」,ま,
燃える粗大ごみ・ペットボトル・容器包装プラスチック,マットレス（スプリング入りも含む）,折りたためれば折りたたんで出す,ま,
燃える粗大ごみ・ペットボトル・容器包装プラスチック,まな板（大きいもの）,小さいものは「一般ごみ」,ま,
燃えないごみ・あきかん・あきびん・容器包装プラスチック,ミルク缶,,み,
燃えないごみ・あきかん・あきびん・容器包装プラスチック,ミニカー,,み,
燃えないごみ・あきかん・あきびん・容器包装プラスチック,ミシン,,み,
燃えないごみ・あきかん・あきびん・容器包装プラスチック,ミキサー,,み,
一般ごみ,むしろ,大きいものは筒状にしてひもで縛って「燃える粗大ごみ」,む,
一般ごみ,虫めがね(レンズ・ワク共にプラスチック),ガラス製は「燃えないごみ」,む,
一般ごみ,虫かご,金属製は「燃えないごみ」,む,
燃えないごみ・あきかん・あきびん・容器包装プラスチック,虫めがね(金属製・ガラス製）,金属製・ガラス製以外は「一般ごみ」,む,
燃えないごみ・あきかん・あきびん・容器包装プラスチック,蒸し器(セイロ等)（金属製）,木製・竹製は「燃える粗大ごみ」,む,
燃えないごみ・あきかん・あきびん・容器包装プラスチック,虫かご(金属製),金属製以外は「一般ごみ」,む,
燃える粗大ごみ・ペットボトル・容器包装プラスチック,むしろ,,む,
燃える粗大ごみ・ペットボトル・容器包装プラスチック,蒸し器(セイロ等)（木製・竹製）,金属製は「燃えないごみ」,む,
一般ごみ,メジャー(巻尺),,め,
一般ごみ,めがね(レンズ・フレーム共にプラスチック),,め,
燃えないごみ・あきかん・あきびん・容器包装プラスチック,メジャー(巻尺)(金属製),,め,
燃えないごみ・あきかん・あきびん・容器包装プラスチック,めがね(金属製）,,め,
燃えないごみ・あきかん・あきびん・容器包装プラスチック,物干し竿（金属類),金属製以外は「燃える粗大ごみ」,も,
燃えないごみ・あきかん・あきびん・容器包装プラスチック,餅つき機,,も,
燃える粗大ごみ・ペットボトル・容器包装プラスチック,物干し竿（金属類以外）,金属製は「燃えないごみ」,も,
燃える粗大ごみ・ペットボトル・容器包装プラスチック,毛布,,も,
燃えないごみ・あきかん・あきびん・容器包装プラスチック,焼物(陶磁器類),,や,
燃えないごみ・あきかん・あきびん・容器包装プラスチック,やかん,,や,
燃えないごみ・あきかん・あきびん・容器包装プラスチック,湯沸かし器(小型家庭用),買換え時は、販売店等に引き取ってもらってください,ゆ,
燃えないごみ・あきかん・あきびん・容器包装プラスチック,湯たんぽ（金属類),金属製以外は「燃える粗大ごみ」,ゆ,
燃える粗大ごみ・ペットボトル・容器包装プラスチック,湯たんぽ（金属類以外）,金属製は「燃えないごみ」,ゆ,
一般ごみ,ラップ(家庭で使用したもの),商品を包装していたものは「容器包装プラスチック」,ら,
燃えないごみ・あきかん・あきびん・容器包装プラスチック,ランプ・ランタン,電池使用のものは必ず取り除く（灯油等も）,ら,
燃えないごみ・あきかん・あきびん・容器包装プラスチック,ラップ(商品を包装していたもの）,家庭で使用したものは「一般ごみ」,ら,
燃えないごみ・あきかん・あきびん・容器包装プラスチック,ラジオ・ラジカセ,電池は取り除く,ら,
燃えないごみ・あきかん・あきびん・容器包装プラスチック,ラケット(金属製),,ら,
燃えないごみ・あきかん・あきびん・容器包装プラスチック,ライター,必ず中身を使いきって出す,ら,
燃える粗大ごみ・ペットボトル・容器包装プラスチック,ランドセル,,ら,
燃える粗大ごみ・ペットボトル・容器包装プラスチック,ラケット,,ら,
一般ごみ,リックサック,,り,
燃えないごみ・あきかん・あきびん・容器包装プラスチック,リンスの容器,中を洗う（ふたやキャップは必ずとる）,り,
燃えないごみ・あきかん・あきびん・容器包装プラスチック,リモコン,電池は取り除く,り,
燃える粗大ごみ・ペットボトル・容器包装プラスチック,リックサック,,り,
燃えないごみ・あきかん・あきびん・容器包装プラスチック,ルームランナー,なるべく販売店等に引き取ってもらってください,る,
一般ごみ,レジャーシート,大きいものは折りたたみ、ひもで縛って出す,れ,
一般ごみ,レコード盤,,れ,
一般ごみ,レーザーディスク,,れ,
一般ごみ,レインコート,,れ,
燃えないごみ・あきかん・あきびん・容器包装プラスチック,レジ袋,透明・半透明はごみ袋として利用可能,れ,
燃える粗大ごみ・ペットボトル・容器包装プラスチック,レジャーシート,大きいものは折りたたみ、ひもで縛って出す,れ,
一般ごみ,ローソク,,ろ,
一般ごみ,老眼鏡（レンズ・フレーム共にプラスチックのもの）,,ろ,
燃えないごみ・あきかん・あきびん・容器包装プラスチック,老眼鏡,,ろ,
一般ごみ,割り箸,,わ,
一般ごみ,輪ゴム,,わ,
一般ごみ,ワイシャツ,,わ,
燃えないごみ・あきかん・あきびん・容器包装プラスチック,ワンカップ（お酒）,中を洗う（ふたやキャップは必ずとる）,わ,
燃えないごみ・あきかん・あきびん・容器包装プラスチック,ワープロ,,わ,
燃える粗大ごみ・ペットボトル・容器包装プラスチック,和ダンス,できるだけ壊して小さくする,わ,