埋立ごみの日の金属,IHクッキングヒーター,あ,
埋立ごみの日の金属,ＩＣレコーダー,あ,
資源（容プラ）,アイスクリームのカップ容器(プラスチック）,あ,紙製のものは燃やすごみ
燃やすごみ,アイスノン,あ,
埋立ごみ,アイスピック,あ,先端部を紙で包み「危険」と表示して他のごみと分ける
有料粗大ごみ（５４）,アイスボックス（７０㎝超）,あ,
燃やすごみ,アイスボックス（７０㎝以下）,あ,
埋立ごみの日の金属,アイロン,あ,
埋立ごみ,アイロン台（７０㎝超）,あ,
燃やすごみ,アイロン台（７０㎝以下）,あ,
有料粗大ごみ（６７）,アコーディオンカーテン（７０㎝超）,あ,
埋立ごみ,アコーディオンカーテン（７０㎝以下）,あ,
埋立ごみの日の金属,足こぎ四輪車（幼児用）（金属製または電動製）,あ,
燃やすごみ,足こぎ四輪車（幼児用）（「金属製または電動製」以外）,あ,
有料粗大ごみ（６６）,足ふきマット（７０㎝超）,あ,広げたときに７０㎝を超えているものは、有料粗大ごみ
燃やすごみ,足ふきマット（繊維製・ゴム製、７０㎝以下）,あ,広げたときに７０㎝を超えているものは、有料粗大ごみ
埋立ごみの日の金属,アダプター（各種電気製品用）,あ,
埋立ごみ,雨どい,あ,
埋立ごみの日の金属,編み機,あ,
埋立ごみ,網戸（金属以外）,あ,増改築に伴うものは請け負った業者に処分してもらう
埋立ごみの日の金属,網戸（金属製）,あ,増改築に伴うものは請け負った業者に処分してもらう
燃やすごみ,アルバム,あ,金具類はなるべく外してあき缶以外の金属に出す
資源（あき缶）,アルミ缶,あ,ひと洗いする・つぶさない・たばこの吸いがらなどを入れない
埋立ごみの日の金属,アルミサッシ,あ,増改築に伴うものは請け負った業者に処分してもらう
燃やすごみ,アルミ箔,あ,
燃やすごみ,アルミ箔の芯（紙製等）,あ,
埋立ごみの日の金属,アルミホイール（自動車用）,あ,タイヤは市で収集しません
埋立ごみの日の金属,泡立て器（電動式・手動式）,あ,
燃やすごみ,安全ピン（金属以外）,あ,
埋立ごみの日の金属,安全ピン（金属製）,あ,
埋立ごみの日の金属,アンテナ（テレビ・BS・CSなど）,あ,
埋立ごみの日の金属,アンプ,あ,
埋立ごみの日の金属,ＥＴＣ車載ユニット,い,
市で収集しない,石,い,専門業者に処分を依頼してください
有料粗大ごみ（２７）,衣装掛け（金属以外、７０㎝超）,い,
燃やすごみ,衣装掛け（金属以外、７０㎝以下）,い,
埋立ごみの日の金属,衣装掛け（金属製）,い,
有料粗大ごみ（９）,衣装ケース（金属以外、７０㎝超）,い,
燃やすごみ,衣装ケース（金属以外、７０㎝以下）,い,
埋立ごみの日の金属,衣装ケース（金属製）,い,
有料粗大ごみ（１７）,いす（金属以外、７０㎝超）,い,
燃やすごみ,いす（金属以外、７０㎝以下）,い,
埋立ごみの日の金属,いす（金属製）,い,
埋立ごみ,板ガラス,い,
埋立ごみ,板きれ（７０㎝超）,い,増改築に伴うものは請け負った業者に処分してもらう
燃やすごみ,板きれ（７０㎝まで）*太さ１０ｃｍ程度まで,い,ひもでしばって束ねて１回３束程度を目安に・多い場合は有料戸別収集で
資源（容プラ）,いちごケース,い,
埋立ごみの日の金属,一輪車,い,「不用品」と必ず表示
あきびん,一升びん,い,酒屋さんなどへ返しましょう・キャップを外してひと洗い
燃やすごみ,衣類,い,
市で収集しない,衣類乾燥機,い,郵便局で家電リサイクル券を購入し、指定引取場所へ
埋立ごみの日の金属,衣類乾燥機台,い,
燃やすごみ,インクカートリッジ,い,なるべく販売店にひき取ってもらってください
燃やすごみ,インクリボン,い,なるべく販売店にひき取ってもらってください
資源（容プラ）,インスタント食品のプラスチック容器,い,
資源（容プラ）,インスタントラーメンの袋,い,
有料粗大ごみ（３６）,インテリアライト（金属以外、７０㎝超）,い,
埋立ごみの日の金属,インテリアライト（「金属以外、７０㎝超」以外）,い,電球等は外す
あきびん,ウィスキーのびん,う,キャップを外してひと洗い・割れたものも回収します
有料粗大ごみ（２９）,ウインドファン（７０㎝超）,う,窓用エアコンではありません
埋立ごみの日の金属,ウインドファン（７０㎝以下）,う,窓用エアコンではありません
埋立ごみ,植木台（金属以外・７０㎝超）,う,
燃やすごみ,植木台（金属以外・７０㎝以下）,う,
埋立ごみの日の金属,植木台（金属製）,う,
埋立ごみ,植木鉢（陶器製）,う,
燃やすごみ,植木鉢（プラスチック製）,う,
資源（容プラ）,植木鉢（苗木ポット）,う,
有料粗大ごみ（５１）,ウォーキングマシン（金属以外、７０㎝超）,う,
埋立ごみの日の金属,ウォーキングマシン（「金属以外、７０㎝超」以外）,う,
埋立ごみの日の金属,ウォシュレット,う,増改築に伴うものは請け負った業者に処分してもらう
資源（容プラ）,ウオッシャー液のプラスチックボトル,う,キャップを外す・中身を使いきってひと洗い
埋立ごみ,浮き輪（７０㎝超）,う,空気を抜いて
燃やすごみ,浮き輪（７０㎝以下）,う,空気を抜いて
埋立ごみ,臼,う,
有料粗大ごみ（１９）,ウッドカーペット（７０㎝超）,う,広げたときに７０㎝を超えているものは、有料粗大ごみ
燃やすごみ,ウッドカーペット（７０㎝以下）,う,広げたときに７０㎝を超えているものは、有料粗大ごみ
有料粗大ごみ（５８）,乳母車（７０㎝超）,う,全体の８０％以上金属のものは、埋立ごみの日の金属へ
埋立ごみ,乳母車（７０㎝以下）,う,全体の８０％以上金属のものは、埋立ごみの日の金属へ
埋立ごみ,梅酒（自家製）のびん,う,
埋立ごみの日の金属,運搬用一輪車,う,
埋立ごみの日の金属,ＡＣアダプタ,え,
埋立ごみの日の金属,ＭＤプレーヤー,え,
市で収集しない,エアコン,え,郵便局で家電リサイクル券を購入し、指定引取場所へ
市で収集しない,液晶ディスプレイ（パソコン用）,え,パソコン３Ｒ推進センターに電話してください（03-5282-7685)
市で収集しない,液晶テレビ,え,郵便局で家電リサイクル券を購入し、指定引取場所へ
資源（容プラ）,液体ワックスのプラスチックボトル,え,キャップを外す・中身を使いきってひと洗い
埋立ごみ,枝きれ（７０㎝超）,え,ひもでしばって束ねて１回３束程度を目安に・多い場合は有料戸別収集で
燃やすごみ,枝きれ（太さ10㎝程度、長さ７０㎝まで）,え,ひもでしばって束ねて１回３束程度を目安に・多い場合は有料戸別収集で
資源（容プラ）,枝豆のネット,え,
市で収集しない,エレクトーン,え,購入した店または専門の業者で処分してもらってください
埋立ごみ,ＬＥＤ蛍光灯・ＬＥＤ電球,え,※LEDには、水銀は使用されていません
埋立ごみ,塩化ビニル管,え,
市で収集しない,エンジンオイル,え,専門業者に処分を依頼してください。廃油処理箱（専用の処理をしたもの）は燃やすごみへ
埋立ごみ,縁台（金属以外・７０㎝超）,え,
燃やすごみ,縁台（金属以外・７０㎝以下）,え,
埋立ごみの日の金属,縁台（金属製）,え,
埋立ごみの日の金属,延長コード,え,
埋立ごみの日の金属,煙突（ストーブ用、金属製）,え,
燃やすごみ,鉛筆削り（電動製以外）,え,
埋立ごみの日の金属,鉛筆削り（電動製）,え,
市で収集しない,オイル（エンジン等）,お,専門業者に処分を依頼してください。廃油処理箱（専用の処理をしたもの）は燃やすごみへ
埋立ごみの日の金属,オイル缶,お,中身が残っているものは市で収集しませんので専門業者に処分を依頼してください
埋立ごみの日の金属,オイルヒーター,お,中のオイルが残っていても、けっこうです
市で収集しない,大型金庫,お,購入した店または専門の業者で処分してもらってください
資源（あき缶）,王冠（金属製）,お,
資源（容プラ）,王冠（プラスチック製）,お,
有料粗大ごみ（１１）,オーディオラック（金属以外、７０㎝超）,お,
埋立ごみ,オーディオラック（金属以外、７０㎝以下）,お,
埋立ごみの日の金属,オーディオラック（金属製）,お,
埋立ごみの日の金属,オーブン,お,
埋立ごみの日の金属,オーブントースター,お,
埋立ごみの日の金属,オーブンレンジ,お,
埋立ごみの日の金属,お菓子の缶（２５㎝以上）,お,
資源（あき缶）,お菓子の缶（２５㎝未満）,お,
埋立ごみ,桶（金属以外・７０㎝超）,お,
燃やすごみ,桶（金属以外・７０㎝以下）,お,
埋立ごみの日の金属,桶（金属製）,お,
有料粗大ごみ（１）,押し入れだんす（７０㎝超）,お,
燃やすごみ,押し入れだんす（７０㎝以下）,お,
埋立ごみ,押しピン（頭がプラスチックのもの）,お,封筒などにいれて、｢危険｣と書く　　
燃やすごみ,落ち葉,お,１回３袋程度を目安に・多い場合は有料戸別収集で
燃やすごみ,おまる(幼児用）,お,汚物はトイレに捨てる
燃やすごみ,おむつ,お,汚物はトイレに捨てる
埋立ごみの日の金属,おもちゃ（金属製または電動製）,お,
燃やすごみ,おもちゃ（「金属製または電動製」以外のもの）,お,
有料粗大ごみ（１７）,折りたたみいす（金属以外、７０㎝超）,お,
燃やすごみ,折りたたみいす（金属以外、７０㎝以下）,お,
埋立ごみの日の金属,折りたたみいす（金属製）,お,
有料粗大ごみ（１６）,折りたたみテーブル（金属以外、７０㎝超）,お,
燃やすごみ,折りたたみテーブル（金属以外、７０㎝以下）,お,ガラス製のものは、埋立ごみ
埋立ごみの日の金属,折りたたみテーブル（金属製）,お,
有料粗大ごみ（４２）,オルガン（７０㎝超）,お,
埋立ごみ,オルガン（７０㎝以下）,お,
埋立ごみ,オルゴール,お,全体の８０％以上金属のものは、埋立ごみの日の金属へ
市で収集しない,温水器,お,購入した店または専門の業者で処分してもらってください
埋立ごみの日の金属,温水洗浄機付便座,お,増改築に伴うものは請け負った業者に処分してもらう
埋立ごみの日の金属,温度計（水銀を含まない）,お,
資源（水銀含有製品）,温度計（水銀を含む）,お,
埋立ごみの日の金属,温風機,お,
埋立ごみの日の金属,温冷庫,お,
埋立ごみの日の金属,カーカラーテレビ,か,
埋立ごみの日の金属,カーＣＤプレーヤー,か,
埋立ごみの日の金属,カーステレオ,か,
埋立ごみ,カーテン（７０㎝超）,か,広げたときに７０㎝を超えているものは、埋立ごみ
燃やすごみ,カーテン（７０㎝以下）,か,広げたときに７０㎝を超えているものは、埋立ごみ
有料粗大ごみ（６８）,カーテンレール（金属以外、７０㎝超）,か,
燃やすごみ,カーテンレール（金属以外、７０㎝以下）,か,
埋立ごみの日の金属,カーテンレール（金属製）,か,
埋立ごみの日の金属,カーナビゲーションシステム,か,
有料粗大ごみ（１９）,カーペット（７０㎝超）,か,広げたときに７０㎝を超えているものは、有料粗大ごみ
燃やすごみ,カーペット（７０㎝以下）,か,広げたときに７０㎝を超えているものは、有料粗大ごみ
燃やすごみ,カーボン紙,か,
埋立ごみの日の金属,カーラジオ,か,
燃やすごみ,貝殻（食べ残し）,か,
埋立ごみ,貝殻（食べ残し以外、置物等）,か,
埋立ごみの日の金属,懐中電灯,か,電池はとる
有料粗大ごみ（２７）,回転ハンガー（金属以外、７０㎝超）,か,
燃やすごみ,回転ハンガー（金属以外、７０㎝以下）,か,
埋立ごみの日の金属,回転ハンガー（金属製）,か,
埋立ごみ,カイロ（懐炉）,か,全体の８０％以上金属のものは、埋立ごみの日の金属へ
有料粗大ごみ（１３）,鏡（７０㎝超）,か,
埋立ごみ,鏡（７０㎝以下）,か,
有料粗大ごみ（１４）,学習机（金属以外、７０㎝超）,か,
燃やすごみ,学習机（金属以外、７０㎝以下）,か,
埋立ごみの日の金属,学習机（金属製）,か,
有料粗大ごみ（３３）,家具調こたつ（７０㎝超）,か,こたつ板とセットで１点
埋立ごみ,家具調こたつ（７０㎝以下）,か,
埋立ごみ,額縁（金属以外）,か,はめ込み板がプラスチック製であれば、燃やすごみ
埋立ごみの日の金属,額縁（金属製）,か,
埋立ごみ,傘,か,
燃やすごみ,傘立て(プラスチック製）,か,
埋立ごみ,傘立て（陶器製）,か,
埋立ごみの日の金属,傘立て（金属製）,か,
燃やすごみ,傘の布・ビニール,か,
埋立ごみの日の金属,傘のほね（金属製）,か,
埋立ごみの日の金属,加湿器,か,
資源（容プラ）,菓子の袋,か,裏が銀色でも対象
資源（容プラ）,菓子のプラスチック容器,か,
燃やすごみ,菓子箱,か,できるだけ、各校下・地区の集団回収をご利用ください
埋立ごみの日の金属,ガスオーブン・ガスオーブンレンジ,か,
埋立ごみの日の金属,ガス釜,か,
埋立ごみの日の金属,ガスコンロ,か,
埋立ごみの日の金属,ガスストーブ,か,
有料粗大ごみ（６０）,ガス台（７０㎝超）,か,
埋立ごみ,ガス台（７０㎝以下・金属以外）,か,
埋立ごみの日の金属,ガス台（７０㎝以下・金属製）,か,
埋立ごみの日の金属,ガステーブル,か,
埋立ごみの日の金属,ガスレンジ,か,電池はとる
埋立ごみの日の金属,カセットコンロ,か,ボンベは外す
燃やすごみ,カセットテープ,か,
燃やすごみ,カセットテープのケース,か,
埋立ごみの日の金属,カセットデッキ,か,
スプレー缶・カセットボンベ,カセットボンベ,か,使い切ってから火気のない屋外で穴をあける
市で収集しない,ガソリン,か,専門業者に処分を依頼してください
埋立ごみの日の金属,カッターナイフ,か,刃を紙で包み「危険」と表示して他のごみと分ける
あきびん,カップ酒のびん,か,キャップを外してひと洗い
資源（容プラ）,カップ麺の包装フィルム,か,
資源（容プラ）,カップ麺の容器（プラスチック製）,か,
燃やすごみ,カップ麺の容器（紙製）,か,
燃やすごみ,かつら,か,
有料粗大ごみ（７５）,家庭用焼却炉（金属以外、７０㎝超）,か,
埋立ごみ,家庭用焼却炉（金属以外、７０㎝以下）,か,
埋立ごみの日の金属,家庭用焼却炉（金属製）,か,
埋立ごみの日の金属,金網（バーベキュー用）,か,
埋立ごみ　,かなづち,か,全体の８０％以上金属のものは、埋立ごみの日の金属へ
燃やすごみ,かばん（アタッシュケース）（金属以外）,か,
埋立ごみの日の金属,かばん（アタッシュケース）（金属製）,か,
燃やすごみ,かばん（革製）,か,
燃やすごみ,かばん（ナイロン製・ビニル製）,か,塩化ビニル製のものは埋立ごみへ
燃やすごみ,かばん（ランドセル）,か,
埋立ごみ,花瓶,か,
埋立ごみ,鎌,か,刃を紙で包み「危険」と表示して他のごみと分ける
燃やすごみ,紙おむつ,か,汚物はトイレに捨てる
燃やすごみ,紙くず,か,
埋立ごみ,カミソリ（金属以外）,か,刃を紙で包み「危険」と表示して他のごみと分ける
埋立ごみの日の金属,カミソリ（金属製）,か,刃を紙で包み「危険」と表示して他のごみと分ける
埋立ごみ,神棚（７０㎝超）,か,
燃やすごみ,神棚（７０㎝以下）,か,
燃やすごみ,紙パック（裏がアルミ処理してあるもの）,か,
燃やすごみ,紙パック（裏がアルミ処理してないもの）,か,各校下・地区の集団回収をご利用ください（水で洗って切り開き乾かす）
埋立ごみの日の金属,カメラ,か,
燃やすごみ,カメラケース,か,
有料粗大ごみ（８）,カラーボックス（７０㎝超）,か,
燃やすごみ,カラーボックス（７０㎝以下）,か,
有料粗大ごみ（３９）,カラオケ演奏装置（７０㎝超）,か,
埋立ごみの日の金属,カラオケ演奏装置（７０㎝以下）,か,
埋立ごみ,ガラス製品,か,
埋立ごみ,軽石,か,
資源（容プラ）,カレーのプラスチック容器,か,
燃やすごみ,革靴,か,
埋立ごみの日の金属,皮むき器(金属製）,か,
燃やすごみ,皮むき器（プラスチック製）,か,
埋立ごみ,瓦,か,増改築に伴うものは請け負った業者に処分してもらう
埋立ごみの日の金属,缶（一斗缶）,か,
埋立ごみの日の金属,缶（２５㎝以上）,か,
資源（あき缶）,缶（飲料缶・缶詰）,か,
埋立ごみの日の金属,缶（オイル）,か,中身が残っているものは市で収集しませんので専門業者に処分を依頼してください
埋立ごみの日の金属,缶（菓子缶：ミルク缶など、２５㎝以上）,か,
資源（あき缶）,缶（菓子缶・ミルク缶など、２５㎝未満）,か,
資源（あき缶）,缶（酒缶・燗のできるもの）,か,
スプレー缶・カセットボンベ,缶（スプレー缶）,か,使い切ってから火気のない屋外で穴をあける
燃やすごみ,簡易トイレ,か,汚物はトイレに捨てる
埋立ごみの日の金属,換気扇,か,
燃やすごみ,換気扇カバー,か,
埋立ごみの日の金属,缶切り,か,
市で収集しない,乾燥機（家庭用･衣類）,か,郵便局で家電リサイクル券を購入し、指定引取場所へ
埋立ごみの日の金属,乾燥機（家庭用・食器）,か,
埋立ごみの日の金属,乾燥機（家庭用・食器洗い）,か,
埋立ごみの日の金属,乾燥機（家庭用・布団）,か,
燃やすごみ,乾燥剤,か,
資源（水銀含有製品）,乾電池,か,
埋立ごみ,かんな,か,
燃やすごみ,感熱紙,か,
有料粗大ごみ（４１）,キーボード（楽器、７０㎝超）,き,
埋立ごみの日の金属,キーボード（楽器、７０㎝以下）,き,
埋立ごみの日の金属,キーボード（パソコン用）,き,
市で収集しない,危険物,き,専門業者に処分を依頼してください
有料粗大ごみ（４０）,ギター（７０㎝超）,き,
燃やすごみ,ギター（７０㎝以下）,き,
埋立ごみ,ギターケース（７０㎝超）,き,
燃やすごみ,ギターケース（７０㎝以下）,き,
埋立ごみ,キックボード,き,全体の８０％以上金属のものは、埋立ごみの日の金属へ
有料粗大ごみ（３）,キッチン収納棚（金属以外、７０㎝超）,き,
埋立ごみ,キッチン収納棚（金属以外、７０㎝以下）,き,
埋立ごみの日の金属,キッチン収納棚（金属製）,き,
有料粗大ごみ（６６）,キッチンマット（７０㎝超）,き,広げたときに７０㎝を超えているものは、有料粗大ごみ
燃やすごみ,キッチンマット（繊維製・ゴム製、７０㎝以下）,き,広げたときに７０㎝を超えているものは、有料粗大ごみ
埋立ごみ,杵,き,
埋立ごみ,脚立（金属以外）,き,
埋立ごみの日の金属,脚立（金属製）,き,
有料粗大ごみ（２７）,キャスターハンガー（金属以外、７０㎝超）,き,
埋立ごみ,キャスターハンガー（金属以外、７０㎝以下）,き,
埋立ごみの日の金属,キャスターハンガー（金属製）,き,
資源（あき缶）,キャップ（金属製）,き,
有料粗大ごみ（３）,キャビネット（金属以外、７０㎝超）,き,
埋立ごみ,キャビネット（金属以外、７０㎝以下）,き,
埋立ごみの日の金属,キャビネット（金属製）,き,
資源（容プラ）,キャラメルの包装フィルム,き,
埋立ごみ,キャリアー（車用、金属以外）,き,７０㎝を超えるルーフボックスは有料粗大ごみ
埋立ごみの日の金属,キャリアー（車用、金属製）,き,
埋立ごみ,急須,き,
埋立ごみの日の金属,給湯器,き,電池はとる
燃やすごみ,牛乳パック,き,各校下・地区の集団回収をご利用ください（水で洗って切り開き乾かす）
有料粗大ごみ（１３）,鏡台（７０㎝超）,き,
埋立ごみ,鏡台（７０㎝以下）,き,
埋立ごみ,きり,き,先端部を紙で包み「危険」と表示して他のごみと分ける
埋立ごみ,金庫（耐火）,き,おおむね５５㎏以上のものは市では収集できません　
埋立ごみの日の金属,金庫（手提げ）,き,
燃やすごみ,空気入れ（金属以外）,く,
埋立ごみの日の金属,空気入れ（金属製）,く,
埋立ごみの日の金属,空気清浄機,く,
有料粗大ごみ（５４）,クーラーボックス（７０㎝超）,く,
燃やすごみ,クーラーボックス（７０㎝以下）,く,
埋立ごみの日の金属,釘,く,紙で包み「危険」と表示
市で収集しない,草刈り機（エンジン式）,く,専門業者に処分を依頼してください
埋立ごみの日の金属,草刈り機（手動式）,く,
燃やすごみ,草ごみ,く,どろをはらって乾燥させる
燃やすごみ,鎖（金属以外）,く,
埋立ごみの日の金属,鎖（金属製）,く,
埋立ごみの日の金属,串(金属製）,く,紙で包み「危険」と表示
燃やすごみ,串(木製）,く,先を折って危なくないように
資源（容プラ）,薬のシート,く,
埋立ごみの日の金属,口紅の容器（金属製）,く,
資源（容プラ）,口紅の容器（プラスチック製）,く,
燃やすごみ,くつ（ズック、革靴、革ブーツ、サンダル）,く,
埋立ごみ,くつ（スキーブーツ・スケート靴）,く,
燃やすごみ,くつのスパイク（金属以外）,く,
埋立ごみの日の金属,くつのスパイク（金属製）,く,
埋立ごみの日の金属,クッキングヒーター,く,
燃やすごみ,くつ下,く,
埋立ごみ,クッション（７０㎝超）,く,
燃やすごみ,クッション（７０㎝以下）,く,
燃やすごみ,グラタン皿（アルミ製）,く,
埋立ごみ,グランドゴルフスティック,く,
埋立ごみ,グリル鍋（金属以外）,く,
埋立ごみの日の金属,グリル鍋（金属製）,く,
埋立ごみの日の金属,車(幼児用）（金属製または電動製）,く,電池で動くものは、電池をとる。
埋立ごみ,車(幼児用）（「金属製または電動製」以外・７０㎝超),く,
燃やすごみ,車(幼児用）（「金属製または電動製」以外・７０㎝以下),く,
埋立ごみの日の金属,車椅子（折りたたみ式・電動式）,く,電動式はバッテリーを外す
燃やすごみ,グローブ（野球用など）,く,
埋立ごみ,グローランプ,く,
埋立ごみ,くわ（鍬）,く,
資源（水銀含有製品）,蛍光灯(管）,け,
埋立ごみの日の金属,蛍光灯（本体）,け,
埋立ごみの日の金属,携帯電話,け,販売店に引き取りを依頼してください
埋立ごみ,ゲートボールスティック,け,
埋立ごみの日の金属,ケーブル,け,
埋立ごみの日の金属,ケーブルテレビ用セットトップボックス,け,レンタルの場合は、借りたお店に返却してください
埋立ごみの日の金属,ゲーム機（ＴＶゲーム・ポケットゲーム）,け,
燃やすごみ,ゲームソフト,け,カセットタイプのものは、埋立ごみの日の金属
埋立ごみの日の金属,ゲーム用コントローラー,け,
市で収集しない,劇薬,け,購入した店または専門の業者で処分してもらってください
埋立ごみ,化粧品のガラスびん,け,
資源（容プラ）,化粧品のプラスチックボトル,け,キャップを外す
埋立ごみの日の金属,化粧容器（金属製）,け,
資源（容プラ）,化粧容器（プラスチック製）,け,
有料粗大ごみ（７２）,げた箱（金属以外、７０㎝超）,け,増改築に伴うものは請け負った業者に処分してもらう
燃やすごみ,げた箱（金属以外、７０㎝以下）,け,増改築に伴うものは請け負った業者に処分してもらう
埋立ごみの日の金属,げた箱（金属製）,け,増改築に伴うものは請け負った業者に処分してもらう
燃やすごみ,ケチャップのチューブ,け,キャップは資源（容プラ）
埋立ごみの日の金属,血圧計（デジタル式）,け,電池はとる
有料粗大ごみ（６６）,玄関マット（７０㎝超）,け,広げたときに７０㎝を超えているものは、有料粗大ごみ
燃やすごみ,玄関マット（繊維製・ゴム製、７０㎝以下）,け,広げたときに７０㎝を超えているものは、有料粗大ごみ
埋立ごみ,健康増進器具（金属以外）,け,プラスチック製、ゴム製のものは燃やすごみ、電動のものは埋立ごみの日の金属へ
埋立ごみの日の金属,健康増進器具（金属製）,け,
燃やすごみ,剣道用具（こて）,け,
埋立ごみ,剣道用具（竹刀、７０㎝超）,け,
燃やすごみ,剣道用具（竹刀、７０㎝以下）,け,
燃やすごみ,剣道用具（胴）,け,
埋立ごみ,剣道用具（面）,け,
埋立ごみ,碁石,こ,
市で収集しない,耕運機（金属製）,こ,専門業者に処分を依頼してください
燃やすごみ,工作用のりのチューブ,こ,キャップを外す
埋立ごみの日の金属,公衆用ＰＨＳ端末,こ,
資源（容プラ）,紅茶のプラスチック容器,こ,
燃やすごみ,ゴーグル,こ,
埋立ごみの日の金属,コード,こ,
有料粗大ごみ（２７）,コートハンガー（金属以外、７０㎝超）,こ,
燃やすごみ,コートハンガー（金属以外、７０㎝以下）,こ,
埋立ごみの日の金属,コートハンガー（金属製）,こ,
埋立ごみの日の金属,コーヒーメーカー,こ,
燃やすごみ,氷枕（ゴム製）,こ,
有料粗大ごみ（２１）,ござ（７０㎝超）,こ,広げたときに７０㎝を超えているものは、有料粗大ごみ
燃やすごみ,ござ（７０㎝以下）,こ,広げたときに７０㎝を超えているものは、有料粗大ごみ
有料粗大ごみ（３３）,こたつ（７０㎝超）,こ,こたつ板とセットで１点
埋立ごみ,こたつ（７０㎝以下）,こ,
埋立ごみ,コップ（ガラス製）,こ,
燃やすごみ,コップ（プラスチック製）,こ,
埋立ごみ,琴,こ,
埋立ごみ,粉々のびん,こ,
埋立ごみ,碁盤（厚さ１０㎝以上）,こ,
燃やすごみ,碁盤（厚さ１０㎝未満）,こ,
埋立ごみの日の金属,コピー機（家庭用）,こ,
燃やすごみ,ごみ箱(金属以外）,こ,
埋立ごみの日の金属,ごみ箱(金属製）,こ,
燃やすごみ,ゴム手袋,こ,
燃やすごみ,ゴム長靴,こ,
埋立ごみ,ゴムホース（７０㎝超）,こ,伸ばしたときに７０㎝を超えているものは、埋立ごみ
燃やすごみ,ゴムホース（７０㎝以下）,こ,伸ばしたときに７０㎝を超えているものは、埋立ごみ
埋立ごみ,ゴムボート,こ,空気を抜いて
有料粗大ごみ（７６）,米びつ（金属以外、７０㎝超）,こ,
燃やすごみ,米びつ（金属以外、７０㎝以下）,こ,
埋立ごみの日の金属,米びつ（金属製）,こ,
資源（容プラ）,米袋,こ,紙製のものはダンボールと同じ扱い
埋立ごみ,コルクボード（７０㎝超）,こ,
燃やすごみ,コルクボード（７０㎝以下）,こ,
埋立ごみの日の金属,ゴルフクラブ,こ,カーボン製は埋立ごみ
燃やすごみ,ゴルフシューズ,こ,
埋立ごみ,ゴルフバック,こ,
埋立ごみ,コンパクト,こ,
埋立ごみ,コンポスト容器（７０㎝超）,こ,
燃やすごみ,コンポスト容器（７０㎝以下）,こ,
埋立ごみの日の金属,コンロ（バーベキュー用）,こ,
有料粗大ごみ（４４）,サーフボード（７０㎝超）,さ,
燃やすごみ,サーフボード（７０㎝以下）,さ,
有料粗大ごみ（５１）,サイクリングマシン（金属以外、７０㎝超）,さ,
埋立ごみの日の金属,サイクリングマシン（「金属以外、７０㎝超」以外）,さ,
有料粗大ごみ（１７）,座いす（金属以外、７０㎝超）,さ,
埋立ごみ,座いす（金属以外、７０㎝以下）,さ,
埋立ごみの日の金属,座いす（金属製）,さ,
有料粗大ごみ（７）,サイドボード（７０㎝超）,さ,
埋立ごみ,サイドボード（７０㎝以下）,さ,
燃やすごみ,裁縫箱（金属以外）,さ,
埋立ごみの日の金属,裁縫箱（金属製）,さ,
燃やすごみ,サインペン,さ,
資源（容プラ）,魚のトレイ,さ,スーパーの店頭回収をご利用ください
資源（容プラ）,魚の包装フィルム,さ,
埋立ごみ,さしこ（竹製鳥かご、７０㎝超）,さ,
燃やすごみ,さしこ（竹製鳥かご、７０㎝以下）,さ,
有料粗大ごみ（１５）,座卓（７０㎝超）,さ,
燃やすごみ,座卓（７０㎝以下）,さ,
埋立ごみ,サッシ（金属以外）,さ,増改築に伴うものは請け負った業者に処分してもらう
埋立ごみの日の金属,サッシ（金属製）,さ,増改築に伴うものは請け負った業者に処分してもらう　　
燃やすごみ,雑誌,さ,各校下・地区の集団回収をご利用ください
埋立ごみ,座ぶとん（７０㎝超）,さ,
燃やすごみ,座ぶとん（７０㎝以下）,さ,
埋立ごみ,皿,さ,
あきびん,サラダ油のびん,さ,キャップを外してひと洗い
燃やすごみ,ザル（プラスチック製）,さ,
燃やすごみ,三角コーナー（金属以外）,さ,
埋立ごみの日の金属,三角コーナー（金属製）,さ,
埋立ごみ,三脚（カメラ、ビデオ）（金属以外）,さ,
埋立ごみの日の金属,三脚（カメラ、ビデオ）（金属製）,さ,
埋立ごみ,サングラス,さ,レンズがプラスチック製のものは、燃やすごみ
埋立ごみ,さんご,さ,
燃やすごみ,サンダル,さ,
埋立ごみの日の金属,三輪車,さ,「不用品」と必ず表示
埋立ごみの日の金属,CSデジタルアンテナ,し,
埋立ごみの日の金属,CSデジタルチューナー,し,
燃やすごみ,ＣＤ,し,
燃やすごみ,ＣＤのケース,し,
埋立ごみの日の金属,ＣＤプレーヤー,し,
埋立ごみの日の金属,ＣＤラジカセ,し,
市で収集しない,ＣＲＴディスプレイ（パソコン用）,し,各製造メーカーに処分を申し込んでください
埋立ごみ,シーツ（７０㎝超）,し,１辺７０ｃｍ以下に裁断すれば、燃やすごみ
燃やすごみ,シーツ（７０㎝以下）,し,
埋立ごみ,シート（車）,し,
燃やすごみ,地下足袋,し,
有料粗大ごみ（２４）,磁気マットレス（７０㎝超）,し,広げたときに７０㎝を超えているものは、有料粗大ごみ
埋立ごみ,磁気マットレス（７０㎝以下）,し,広げたときに７０㎝を超えているものは、有料粗大ごみ
市で収集しない,システムキッチン,し,購入した店または専門の業者で処分してもらってください
埋立ごみ,磁石,し,
燃やすごみ,下敷き,し,
埋立ごみ,七輪,し,
燃やすごみ,漆器製食器（お椀など）,し,
燃やすごみ,湿布剤,し,
資源（容プラ）,湿布剤のフィルム,し,
埋立ごみの日の金属,自転車,し,「不用品」と必ず表示
埋立ごみの日の金属,自転車（電動アシスト付き）,し,「不用品」と必ず表示・バッテリーは、リサイクル協力店へ
埋立ごみ,自動車カバー（７０㎝超）,し,１辺７０ｃｍ以下に裁断すれば、燃やすごみ
燃やすごみ,自動車カバー（７０㎝以下）,し,
埋立ごみ,竹刀（７０㎝超）,し,
燃やすごみ,竹刀（７０㎝以下）,し,
埋立ごみの日の金属,蛇口,し,
燃やすごみ,写真,し,
埋立ごみの日の金属,ジャッキ,し,
燃やすごみ,しゃもじ（木製）,し,
燃やすごみ,しゃもじ（プラスチック製）,し,
有料粗大ごみ（４３）,車両用ルーフボックス（７０㎝超）,し,
燃やすごみ,車両用ルーフボックス（７０㎝以下）,し,
埋立ごみ,ジャングルジム（子ども用遊具）,し,パイプがプラスチック製または紙製でかつ７０㎝以下ものは燃やすごみ
有料粗大ごみ（３６）,シャンデリア（７０㎝超）,し,
埋立ごみの日の金属,シャンデリア（７０㎝以下）,し,電球は外す
有料粗大ごみ（５９）,シャンプードレッサー（７０㎝超）,し,
埋立ごみ,シャンプードレッサー（７０㎝以下）,し,
資源（容プラ）,シャンプーのプラスチックボトル,し,キャップを外す
埋立ごみの日の金属,ジューサー,し,
燃やすごみ,シューズ,し,
有料粗大ごみ（７２）,シューズボックス（金属以外、７０㎝超）,し,増改築に伴うものは請け負った業者に処分してもらう
燃やすごみ,シューズボックス（金属以外、７０㎝以下）,し,増改築に伴うものは請け負った業者に処分してもらう
埋立ごみの日の金属,シューズボックス（金属製）,し,増改築に伴うものは請け負った業者に処分してもらう
あきびん,ジュースのびん,し,キャップを外してひと洗い
有料粗大ごみ（２０）,じゅうたん（７０㎝超）,し,広げたときに７０㎝を超えているものは、有料粗大ごみ
燃やすごみ,じゅうたん（７０㎝以下）,し,広げたときに７０㎝を超えているものは、有料粗大ごみ
資源（水銀含有製品）,充電式電池,し,電池リサイクル協力店でも回収しています
有料粗大ごみ（９）,収納ケース・箱・ボックス（金属以外、７０㎝超）,し,
燃やすごみ,収納ケース・箱・ボックス（金属以外、７０㎝以下）,し,
埋立ごみの日の金属,収納ケース・箱・ボックス（金属製）,し,
有料粗大ごみ（３）,収納棚（金属以外、７０㎝超）,し,
燃やすごみ,収納棚（金属以外、７０㎝以下）,し,扉や戸がガラスのものは、埋立ごみへ
埋立ごみの日の金属,収納棚（金属製）,し,
市で収集しない,消火器,し,購入先へ持参すると引き取っていただけます
燃やすごみ,定規,し,
燃やすごみ,将棋駒,し,
埋立ごみ,将棋盤（厚さ１0㎝以上）,し,
燃やすごみ,将棋盤（厚さ１0㎝未満）,し,
有料粗大ごみ（６３）,障子（金属以外、７０㎝超）,し,増改築に伴うものは請け負った業者に処分してもらう
燃やすごみ,障子（金属以外、７０㎝以下）,し,増改築に伴うものは請け負った業者に処分してもらう
埋立ごみの日の金属,障子（金属製）,し,増改築に伴うものは請け負った業者に処分してもらう
埋立ごみの日の金属,浄水器,し,
有料粗大ごみ（３６）,照明器具（金属以外、７０㎝超）,し,
埋立ごみの日の金属,照明器具（「金属以外、７０㎝超」以外）,し,電球は外す
埋立ごみ,照明器具のかさ（ガラス製）,し,
埋立ごみの日の金属,照明器具のかさ（金属製）,し,
燃やすごみ,照明器具のかさ（「金属製」以外）,し,
燃やすごみ,じょうろ(金属以外）,し,
埋立ごみの日の金属,じょうろ(金属製）,し,
資源（容プラ）,食品のトレイ,し,スーパーの店頭回収をご利用ください
資源（容プラ）,食用油のプラスチックボトル,し,キャップを外す　　
資源（フロン回収製品）,除湿機,し,「除湿機」と必ず表示
燃やすごみ,除湿剤,し,
有料粗大ごみ（４）,書棚（金属以外、７０㎝超）,し,
燃やすごみ,書棚（金属以外、７０㎝以下）,し,
埋立ごみの日の金属,書棚（金属製）,し,
埋立ごみ,食器（ガラス製・陶磁器製）,し,
埋立ごみの日の金属,食器（金属製）,し,
燃やすごみ,食器（「金属製」以外）,し,
埋立ごみの日の金属,食器洗い乾燥機,し,
埋立ごみの日の金属,食器洗い器,し,
埋立ごみの日の金属,食器乾燥機,し,
有料粗大ごみ（５）,食器棚（７０㎝超）,し,
埋立ごみ,食器棚（７０㎝以下）,し,
燃やすごみ,ショッピングかご(プラスチック製）,し,
埋立ごみの日の金属,ショッピングカート(金属製）,し,
埋立ごみの日の金属,書類用バインダーの金具,し,
埋立ごみの日の金属,シルバーカー,し,「不用品」と必ず表示
燃やすごみ,人工肛門パック,し,汚物はトイレに捨てる
埋立ごみ,人工芝（７０㎝超）,し,
燃やすごみ,人工芝（７０㎝以下）,し,
市で収集しない,シンナー,し,専門業者に処分を依頼してください
燃やすごみ,新聞,し,各校下・地区の集団回収をご利用ください
燃やすごみ,吸い殻（たばこ）,す,火を完全に消してから
有料粗大ごみ（５５）,水槽（７０㎝超）,す,
埋立ごみ,水槽（７０㎝以下）,す,
埋立ごみ,水中めがね,す,レンズがプラスチック製のものは、燃やすごみ
燃やすごみ,水筒（金属以外）,す,
埋立ごみの日の金属,水筒（金属製）,す,
埋立ごみの日の金属,炊飯器（内釜含む）,す,
有料粗大ごみ（５３）,スーツケース（金属以外、７０㎝超）,す,
燃やすごみ,スーツケース（金属以外、７０㎝以下）,す,
埋立ごみの日の金属,スーツケース（金属製）,す,
資源（容プラ）,スーパーの袋（レジ袋）,す,
有料粗大ごみ（１３）,姿見（７０㎝超）,す,
埋立ごみ,姿見（７０㎝以下）,す,
有料粗大ごみ（４５）,スキー板（７０㎝超）,す,
埋立ごみ,スキー板（７０㎝以下）,す,
埋立ごみ,スキーキャリア（金属以外）,す,
埋立ごみの日の金属,スキーキャリア（金属製）,す,
燃やすごみ,スキーウェア,す,
埋立ごみの日の金属,スキャナー,す,
市で収集しない,スクーター,す,廃棄二輪取扱店または指定引取窓口で引き取ります
埋立ごみ,スケートボード,す,
燃やすごみ,スコップ（金属以外）,す,７０㎝超のものは埋立ごみ
埋立ごみの日の金属,スコップ（金属製）,す,
埋立ごみ,硯（すずり）,す,
埋立ごみ,すだれ（竹製・プラスチック製・７０㎝超）,す,１辺７０㎝以下に裁断すれば、燃やすごみ
燃やすごみ,すだれ（竹製・プラスチック製・７０㎝以下）,す,
有料粗大ごみ（１３）,スタンドミラー（７０㎝超）,す,
埋立ごみ,スタンドミラー（７０㎝以下）,す,
資源（あき缶）,スチール缶,す,ひと洗いする・つぶさない・たばこの吸いがらなどを入れない
燃やすごみ,ズック,す,
有料粗大ごみ（３７）,ステレオセット（７０㎝超）,す,
埋立ごみの日の金属,ステレオセット（７０㎝以下）,す,
埋立ごみの日の金属,ストーブ,す,
埋立ごみの日の金属,ストーブガード,す,
燃やすごみ,砂（ペット用）,す,袋に可燃と記載されているものにかぎる、それ以外は埋立ごみ
埋立ごみ,スノーダンプ（金属以外・７０㎝超）,す,
燃やすごみ,スノーダンプ（金属以外・７０㎝以下）,す,
埋立ごみの日の金属,スノーダンプ（金属製）,す,
有料粗大ごみ（４６）,スノーボード（７０㎝超）,す,
埋立ごみ,スノーボード（７０㎝以下）,す,
埋立ごみ,すのこ（７０㎝超）,す,
燃やすごみ,すのこ（７０㎝以下）,す,
有料粗大ごみ（３８）,スピーカー（７０㎝超）,す,
埋立ごみの日の金属,スピーカー（７０㎝以下）,す,
埋立ごみの日の金属,スプーン（金属製）,す,
燃やすごみ,スプーン（プラスチック製）,す,
スプレー缶・カセットボンベ,スプレー缶,す,使い切ってから火気のない屋外で穴をあける
有料粗大ごみ（５０）,すべり台（７０㎝超）,す,
燃やすごみ,すべり台（７０㎝以下）,す,
燃やすごみ,スポンジ,す,
有料粗大ごみ（３５）,ズボンプレッサー（７０㎝超）,す,
埋立ごみの日の金属,ズボンプレッサー（７０㎝以下）,す,
燃やすごみ,スリッパ,す,
埋立ごみ,スリッパ立て（金属以外・７０㎝超）,す,
燃やすごみ,スリッパ立て（金属以外・７０㎝以下）,す,
埋立ごみの日の金属,スリッパ立て（金属製）,す,
埋立ごみ,すり鉢,す,
埋立ごみの日の金属,精米機（家庭用）,せ,
燃やすごみ,生理用品,せ,
埋立ごみの日の金属,石油ストーブ,せ,油を抜いて電池を取る
埋立ごみの日の金属,石油タンク,せ,油は抜く
燃やすごみ,石油ポンプ（手動式）,せ,
埋立ごみの日の金属,石油ポンプ（電動式）,せ,電池はとる
資源（容プラ）,洗剤のキャップ（プラスチック製）,せ,
燃やすごみ,洗車ブラシ,せ,
市で収集しない,洗濯機,せ,郵便局で家電リサイクル券を購入し、指定引取場所へ
燃やすごみ,洗濯ばさみ（金属以外）,せ,
埋立ごみの日の金属,洗濯ばさみ（金属製）,せ,
燃やすごみ,洗濯用ハンガー（金属以外）,せ,
埋立ごみの日の金属,洗濯用ハンガー（金属製）,せ,
埋立ごみ,栓抜き（金属以外）,せ,
埋立ごみの日の金属,栓抜き（金属製）,せ,
有料粗大ごみ（３０）,扇風機（７０㎝超）,せ,
埋立ごみの日の金属,扇風機（７０㎝以下）,せ,
埋立ごみの日の金属,洗面器（金属製）,せ,
燃やすごみ,洗面器（プラスチック製）,せ,
有料粗大ごみ（５９）,洗面化粧台（７０㎝超）,せ,増改築に伴うものは請け負った業者に処分してもらう
埋立ごみ,洗面化粧台（７０㎝以下）,せ,増改築に伴うものは請け負った業者に処分してもらう
埋立ごみ,双眼鏡,そ,
資源（容プラ）,惣菜のトレイ,そ,スーパーの店頭回収をご利用ください
資源（容プラ）,惣菜のプラスチック容器,そ,
埋立ごみの日の金属,掃除機,そ,
資源（容プラ）,ソースのプラスチックボトル,そ,キャップを外す
市で収集しない,ソーラー式温水器,そ,購入した店または専門の業者で処分してもらってください
有料粗大ごみ（１８）,ソファー（７０㎝超）,そ,
埋立ごみ,ソファー（７０㎝以下・スプリングあり）,そ,
燃やすごみ,ソファー（７０㎝以下・スプリングなし）,そ,
有料粗大ごみ（１８）,ソファーベッド（７０㎝超）,そ,
埋立ごみ,ソファーベッド（７０㎝以下・スプリングあり）,そ,
燃やすごみ,ソファーベッド（７０㎝以下・スプリングなし）,そ,
燃やすごみ,そり,そ,
燃やすごみ,そろばん,そ,
資源（水銀含有製品）,体温計（水銀含む）,た,
埋立ごみの日の金属,体温計（水銀を含まない）,た,電池はとる
埋立ごみの日の金属,体重計(家庭用）,た,
埋立ごみ,耐火金庫,た,おおむね５５㎏以上のものは市では収集できません
埋立ごみの日の金属,台車,た,
市で収集しない,タイヤ,た,廃タイヤ取り扱い協力店（自動車用品店・ガソリンスタンド等）で引き取っていただけます
燃やすごみ,タイヤゴムチューブ(自転車用）,た,
燃やすごみ,タイヤチェーン（金属以外）,た,
埋立ごみの日の金属,タイヤチェーン（金属製）,た,
埋立ごみの日の金属,タイヤホイール,た,
燃やすごみ,タオル,た,
有料粗大ごみ（２２）,タオルケット（７０㎝超）,た,広げたときに７０㎝を超えているものは、有料粗大ごみ
燃やすごみ,タオルケット（７０㎝以下）,た,広げたときに７０㎝を超えているものは、有料粗大ごみ
埋立ごみ,高枝切りばざみ（金属以外）,た,
埋立ごみの日の金属,高枝切りばさみ（金属製）,た,
スプレー缶・カセットボンベ,卓上ボンベ(カセットコンロ用）,た,使い切ってから火気のない屋外で穴をあける
燃やすごみ,竹串,た,先を折って危なくないように
埋立ごみの日の金属,竹馬（金属製）,た,
埋立ごみ,竹馬（竹・木製、７０㎝超）,た,
燃やすごみ,竹馬（竹・木製、７０㎝以下）,た,
埋立ごみ,竹ぼうき（７０㎝超）,た,
燃やすごみ,竹ぼうき（７０㎝以下）,た,
有料粗大ごみ（６５）,畳（７０㎝超）,た,増改築に伴うものは請け負った業者に処分してもらう
燃やすごみ,畳（７０㎝以下）,た,増改築に伴うものは請け負った業者に処分してもらう
有料粗大ごみ（４７）,卓球台（７０㎝超）,た,
燃やすごみ,卓球台（７０㎝以下）,た,
燃やすごみ,脱酸素剤,た,
燃やすごみ,タッパ,た,
燃やすごみ,たばこの吸いがら,た,火を完全に消してから
資源（容プラ）,たばこの包装フィルム,た,
資源（容プラ）,卵パック(プラスチック製）,た,
燃やすごみ,卵パック(紙）,た,
資源（容プラ）,たまねぎのネット,た,
埋立ごみの日の金属,たらい(金属製）,た,
燃やすごみ,たらい(金属以外）,た,
埋立ごみ,たる（７０㎝超）,た,
燃やすごみ,たる（７０ｎ㎝以下）,た,
燃やすごみ,たわし(金属以外）,た,
埋立ごみの日の金属,たわし(金属製）,た,
有料粗大ごみ（１）,たんす（７０㎝超）,た,
燃やすごみ,たんす（７０㎝以下）,た,
燃やすごみ,ダンベル（金属以外）,た,
埋立ごみの日の金属,ダンベル（金属製）,た,
燃やすごみ,ダンボール,た,各校下・地区の集団回収をご利用ください（ガムテープ、止め金具を取り除く）
燃やすごみ,チェーン（金属以外）,ち,
埋立ごみの日の金属,チェーン（金属製）,ち,
有料粗大ごみ（１）,チェスト（７０㎝超）,ち,
燃やすごみ,チェスト（７０㎝以下）,ち,
埋立ごみ,地球儀,ち,
埋立ごみの日の金属,地上デジタルチューナー,ち,
埋立ごみ,チャイルドシート,ち,
有料粗大ごみ（１）,茶だんす（７０㎝超）,ち,
燃やすごみ,茶だんす（７０㎝以下）,ち,
埋立ごみ,茶碗,ち,
市で収集しない,注射器（在宅治療用）,ち,かかりつけの医療機関や薬局で引き取ってもらってください
市で収集しない,注射針（在宅治療用）,ち,かかりつけの医療機関や薬局で引き取ってもらってください
埋立ごみの日の金属,チューナー,ち,
燃やすごみ,チューブ（自転車用）,ち,
市で収集しない,チューブ（点滴、在宅医療に伴うもの）,ち,かかりつけの医療機関や薬局で引き取ってもらってください
資源（容プラ）,チューブのキャップ（プラスチック製）,ち,
有料粗大ごみ（６１）,調理台（７０㎝超）,ち,増改築に伴うものは請け負った業者に処分してもらう
埋立ごみ,調理台（７０㎝以下）,ち,増改築に伴うものは請け負った業者に処分してもらう
燃やすごみ,チョーク,ち,
燃やすごみ,チラシ,ち,各校下・地区の集団回収をご利用ください
燃やすごみ,ちりとり（金属以外）,ち,
埋立ごみの日の金属,ちりとり（金属製）,ち,
有料粗大ごみ（２８）,ついたて（金属以外、７０㎝超）,つ,
燃やすごみ,ついたて（金属以外、７０㎝以下）,つ,
埋立ごみの日の金属,ついたて（金属製）,つ,
埋立ごみ,使い捨てカイロ,つ,
有料粗大ごみ（１４）,机（金属以外、７０㎝超）,つ,
燃やすごみ,机（金属以外、７０㎝以下）,つ,
埋立ごみの日の金属,机（金属製）,つ,
埋立ごみ,漬けもの石（市販のもの）,つ,
埋立ごみ,漬けもの桶,つ,７０㎝以下なら燃やすごみ
市で収集しない,土,つ,専門業者に処分を依頼してください
埋立ごみ,つぼ,つ,
埋立ごみ,釣りざお,つ,
埋立ごみ,つるはし,つ,
燃やすごみ,DVD（ソフト）,て,
埋立ごみの日の金属,DVDプレーヤー,て,
市で収集しない,ディスプレイ（パソコン用）,て,各製造メーカーに処分を申し込んでください
埋立ごみの日の金属,ディスプレイ（パソコン以外）,て,
燃やすごみ,ティッシュくず,て,
有料粗大ごみ（１６）,テーブル（金属以外、７０㎝超）,て,
燃やすごみ,テーブル（金属以外、７０㎝以下）,て,
埋立ごみの日の金属,テーブル（金属製）,て,
埋立ごみの日の金属,テープレコーダー,て,
埋立ごみの日の金属,手押し車,て,「不用品」と必ず表示
埋立ごみ,手鏡,て,
埋立ごみの日の金属,手提げ金庫,て,
埋立ごみの日の金属,デジタルカメラ,て,電池はとる
埋立ごみの日の金属,デジタル血圧計,て,電池はとる
市で収集しない,デスクトップ型パソコン,て,各製造メーカーに処分を申し込んでください
有料粗大ごみ（６６）,デスクマット（７０㎝超）,て,広げたときに７０㎝を超えているものは、有料粗大ごみ
燃やすごみ,デスクマット（７０㎝以下）,て,広げたときに７０㎝を超えているものは、有料粗大ごみ
埋立ごみの日の金属,鉄アレイ,て,
埋立ごみの日の金属,鉄板（バーベキュー用）,て,
埋立ごみの日の金属,鉄棒（子ども用遊具）,て,
埋立ごみ,テニスラケット,て,
燃やすごみ,手袋（ゴム手袋含む）,て,
市で収集しない,テレビ（液晶）,て,郵便局で家電リサイクル券を購入し、指定引取場所へ
市で収集しない,テレビ（プラズマ）,て,郵便局で家電リサイクル券を購入し、指定引取場所へ
市で収集しない,テレビ（ブラウン管式）,て,郵便局で家電リサイクル券を購入し、指定引取場所へ
埋立ごみの日の金属,テレビゲーム,て,
有料粗大ごみ（１２）,テレビ台（金属以外、７０㎝超）,て,
燃やすごみ,テレビ台（金属以外、７０㎝以下）,て,扉や戸がガラスのものは、埋立ごみへ
埋立ごみの日の金属,テレビ台（金属製）,て,
埋立ごみの日の金属,電気アンカ,て,
市で収集しない,電気温水器,て,購入した店または専門の業者で処分してもらってください
有料粗大ごみ（３１）,電気カーペット（７０㎝超）,て,広げたときに７０㎝を超えているものは、有料粗大ごみ
埋立ごみ,電気カーペット（７０㎝以下）,て,広げたときに７０㎝を超えているものは、有料粗大ごみ
埋立ごみの日の金属,電気かみそり,て,
埋立ごみの日の金属,電気コード,て,
有料粗大ごみ（３３）,電気こたつ（７０㎝超）,て,こたつ板とセットで１点
埋立ごみ,電気こたつ（７０㎝以下）,て,
埋立ごみの日の金属,電気炊飯器（内釜含む）,て,
有料粗大ごみ（３６）,電気スタンド（金属以外、７０㎝超）,て,
埋立ごみの日の金属,電気スタンド（「金属以外、７０㎝超」以外）,て,
埋立ごみの日の金属,電気ストーブ,て,
埋立ごみの日の金属,電気のこぎり,て,
埋立ごみの日の金属,電気ポット,て,
有料粗大ごみ（３２）,電気毛布（７０㎝超）,て,広げたときに７０㎝を超えているものは、有料粗大ごみ
埋立ごみ,電気毛布（７０㎝以下）,て,広げたときに７０㎝を超えているものは、有料粗大ごみ
埋立ごみ,電球,て,
埋立ごみの日の金属,電気ランタン,て,電池は取る
埋立ごみの日の金属,電子辞書,て,
埋立ごみの日の金属,電磁調理器,て,
埋立ごみの日の金属,電子手帳,て,
市で収集しない,電子ピアノ,て,購入した店または専門の業者で処分してもらってください
埋立ごみの日の金属,電子レンジ,て,
埋立ごみ,天体望遠鏡,て,
埋立ごみの日の金属,電卓,て,
市で収集しない,点滴用チューブ（在宅治療用）,て,かかりつけの医療機関や薬局で引き取ってもらってください
燃やすごみ,点滴用パック（在宅治療用）,て,
埋立ごみ,テント（レジャー用）,て,
埋立ごみ,点灯管,て,
埋立ごみの日の金属,電動かんな,て,
埋立ごみの日の金属,電動自転車,て,「不用品」と必ず表示・バッテリーは、リサイクル協力店へ　
埋立ごみの日の金属,電動ドリル,て,
埋立ごみの日の金属,電動のこぎり,て,
埋立ごみの日の金属,テントの支柱（レジャー用、金属製）,て,
燃やすごみ,天ぷら油,て,紙や布にしみこませて
埋立ごみの日の金属,電話機,て,
埋立ごみ,電話台,て,
埋立ごみ,ドア（金属以外）,と,増改築に伴うものは請け負った業者に処分してもらう
埋立ごみの日の金属,ドア（金属製）,と,増改築に伴うものは請け負った業者に処分してもらう
埋立ごみ,砥石,と,
資源（容プラ）,トイレットペーパーの袋,と,
燃やすごみ,胴（剣道用具）,と,
埋立ごみ,陶器製食器（湯飲み・茶碗・皿など）,と,
市で収集しない,透析用チューブ（在宅治療用）,と,かかりつけの医療機関や薬局で引き取ってもらってください
資源（容プラ）,豆腐のプラスチック容器,と,
市で収集しない,灯油,と,専門業者に処分を依頼してください
埋立ごみ,灯油缶（プラスチック製）,と,中身が残っているものは市で収集しませんので専門業者に処分を依頼してください
埋立ごみの日の金属,灯油缶（金属製）,と,中身が残っているものは市で収集しませんので専門業者に処分を依頼してください
埋立ごみの日の金属,トースター,と,
埋立ごみの日の金属,時計（壁掛け・目覚まし・腕）,と,
有料粗大ごみ（６）,戸棚（金属以外、７０㎝超）,と,
燃やすごみ,戸棚（金属以外、７０㎝以下）,と,扉や戸がガラスのものは、埋立ごみへ
埋立ごみの日の金属,戸棚（金属製）,と,
埋立ごみの日の金属,トタン板,と,
埋立ごみ,ドライバー,と,全体の８０％以上金属のものは、埋立ごみの日の金属へ
埋立ごみの日の金属,ドラム缶（あき缶）,と,
有料粗大ごみ（５３）,トランク（金属以外、７０㎝超）,と,
燃やすごみ,トランク（金属以外、７０㎝以下）,と,
埋立ごみの日の金属,トランク（金属製）,と,
埋立ごみの日の金属,トランシーバー,と,
埋立ごみ,トランポリン（子ども用遊具）,と,
燃やすごみ,鳥かご（金属以外),と,
埋立ごみの日の金属,鳥かご（金属製）,と,
埋立ごみの日の金属,塗料容器（金属製）,と,中身が残っているものは市で収集しませんので専門業者に処分を依頼してください
燃やすごみ,塗料容器（プラスチック製）,と,中身が残っているものは市で収集しませんので専門業者に処分を依頼してください
あきびん,ドリンク剤のびん,と,キャップを外してひと洗い
資源（容プラ）,トレイ（食品用）,と,スーパーの店頭回収をご利用ください
有料粗大ごみ（５１）,トレーニング機器（金属以外、７０㎝超）,と,
埋立ごみ,トレーニング機器（金属以外・７０㎝以下）,と,プラスチック製、ゴム製のものは燃やすごみ、電動のものは埋立ごみの日の金属へ
埋立ごみの日の金属,トレーニング機器（金属製）,と,
有料粗大ごみ（１３）,ドレッサー（７０㎝超）,と,
埋立ごみ,ドレッサー（７０㎝以下）,と,
市で収集しない,泥,と,専門業者に処分を依頼してください
資源（容プラ）,トロ箱,と,
埋立ごみ,トロフィー,と,プラスチック製のものは、燃やすごみ
埋立ごみの日の金属,ナイフ,な,刃を紙で包み「危険」と表示して、他のごみと分ける
資源（容プラ）,苗木ポット,な,
有料粗大ごみ（６２）,流し台（７０㎝超）,な,
埋立ごみ,流し台（７０㎝以下）,な,
有料粗大ごみ（７１）,ながもち（７０㎝超）,な,
埋立ごみ,ながもち（７０㎝以下）,な,
埋立ごみの日の金属,ナタ（鉈）,な,刃を紙で包み「危険」と表示して他のごみと分ける
資源（容プラ）,納豆の包装フィルム,な,
埋立ごみ,ナツメ球,な,
埋立ごみの日の金属,鍋（金属製）,な,
埋立ごみ,鍋（耐熱ガラス製）,な,
燃やすごみ,鍋焼きうどんの容器（アルミ製）,な,
燃やすごみ,生ごみ,な,水切りを十分にして
埋立ごみの日の金属,生ごみ処理機(家庭用・電気式）,な,
埋立ごみの日の金属,なまり（釣り用おもり）,な,
有料粗大ごみ（７０）,波板（金属以外、７０㎝超）,な,広げたときに７０㎝を超えているものは、有料粗大ごみ
燃やすごみ,波板（金属以外、７０㎝以下）,な,広げたときに７０㎝を超えているものは、有料粗大ごみ
埋立ごみの日の金属,波板（金属製）,な,
資源（容プラ）,肉のトレイ,に,スーパーの店頭回収をご利用ください
資源（容プラ）,肉の包装フィルム,に,
埋立ごみ,荷造り用ひもバンド（７０㎝超）,に,７０㎝以下に裁断すれば、燃やすごみ
燃やすごみ,荷造り用ひもバンド（７０㎝以下）,に,
埋立ごみ,日本人形ケース,に,
資源（容プラ）,乳酸飲料のカップ容器,に,
資源（容プラ）,入浴剤のフタ（プラスチック製）,に,
埋立ごみ,庭池,に,
埋立ごみ,人形（ぬいぐるみ、７０㎝超）,に,
燃やすごみ,人形（ぬいぐるみ、７０㎝以下）,に,
燃やすごみ,人形（プラスチック製）,に,
埋立ごみ,人形ケース,に,
埋立ごみ,ぬいぐるみ（７０㎝超）,ぬ,
燃やすごみ,ぬいぐるみ（７０㎝まで）,ぬ,
燃やすごみ,布くず,ぬ,
燃やすごみ,ネクタイ,ね,
燃やすごみ,猫砂（紙・木・プラスチック製）,ね,
埋立ごみ,猫砂（粘土製）,ね,
埋立ごみ,寝袋（７０㎝超）,ね,
燃やすごみ,寝袋（７０㎝以下）,ね,
燃やすごみ,練りわさびのチューブ,ね,キャップは資源（容プラ）
埋立ごみ,ねんど（学用品）,ね,
市で収集しない,農機具,の,専門業者に処分を依頼してください
埋立ごみ,農薬のびん（家庭菜園用）,の,中身が残っているものは市で収集できないので専門業者に処分を依頼
資源（容プラ）,ノートの包装フィルム,の,
市で収集しない,ノート型パソコン,の,各製造メーカーに処分を申し込んでください
埋立ごみの日の金属,のこぎり,の,
埋立ごみの日の金属,ノブ（ドア）,の,
埋立ごみの日の金属,のみ（鑿）,の,
埋立ごみの日の金属,海苔の缶（２５㎝以上）,の,
資源（あき缶）,海苔の缶（２５㎝未満）,の,
資源（容プラ）,海苔のプラスチック容器,の,
燃やすごみ,ノンカーボン紙,の,
埋立ごみの日の金属,ハードディスクドライブ（ＨＤＤ）,は,
埋立ごみの日の金属,バーベキューコンロ,は,
埋立ごみの日の金属,バーベル,は,
埋立ごみの日の金属,ハーモニカ,は,
市で収集しない,バイク,は,廃棄二輪取扱店または指定引取窓口で引き取ります
埋立ごみ,灰皿（ガラス製・陶器製）,は,
有料粗大ごみ（１７）,パイプいす（金属以外、７０㎝超）,は,
燃やすごみ,パイプいす（金属以外、７０㎝以下）,は,
埋立ごみの日の金属,パイプいす（金属製）,は,
燃やすごみ,廃油処理箱,は,
燃やすごみ,バインダー,は,金具類はなるべく外して埋立ごみの日の金属に出す
埋立ごみの日の金属,はかり（料理用）,は,
燃やすごみ,はきもの,は,スキー靴は埋立ごみ
埋立ごみ,剥製（はくせい）,は,
埋立ごみ,白熱球,は,
埋立ごみの日の金属,バケツ（金属製）,は,
燃やすごみ,バケツ（プラスチック製）,は,
埋立ごみ,はさみ（金属以外）,は,
埋立ごみの日の金属,はさみ（金属製）,は,
有料粗大ごみ（７３）,はしご（金属以外、７０㎝超）,は,
燃やすごみ,はしご（金属以外、７０㎝以下）,は,
埋立ごみの日の金属,はしご（金属製）,は,
埋立ごみの日の金属,柱時計,は,
有料粗大ごみ（４８）,バスケットゴール（金属以外、７０㎝超）,は,
燃やすごみ,バスケットゴール（金属以外、７０㎝以下）,は,
埋立ごみの日の金属,バスケットゴール（金属製）,は,
有料粗大ごみ（６６）,バスマット（７０㎝超）,は,広げたときに７０㎝を超えているものは、有料粗大ごみ
燃やすごみ,バスマット（７０㎝以下）,は,広げたときに７０㎝を超えているものは、有料粗大ごみ
市で収集しない,パソコン（デスクトップ型・ノート型）,は,各製造メーカーに処分を申し込んでください
市で収集しない,パソコン（本体・ディスプレイ）,は,各製造メーカーに処分を申し込んでください
有料粗大ごみ（１４）,パソコン机（金属以外、７０㎝超）,は,
燃やすごみ,パソコン机（金属以外、７０㎝以下）,は,
埋立ごみの日の金属,パソコン机（金属製）,は,
埋立ごみの日の金属,パソコン用キーボード,は,
埋立ごみの日の金属,パソコン用プリンター,は,
有料粗大ごみ（３）,パソコン用ラック（金属以外、７０㎝超）,は,
燃やすごみ,パソコン用ラック（金属以外、７０㎝以下）,は,
埋立ごみの日の金属,パソコン用ラック（金属製）,は,
あきびん,ハチミツのびん,は,キャップを外してひと洗い
埋立ごみの日の金属,パチンコ・スロット台（個人用）,は,
市で収集しない,発炎筒,は,購入した店または専門の業者で処分してもらってください
市で収集しない,バッテリー（車）,は,購入先へ持参すると引き取っていただけます
資源（水銀含有製品）,バッテリー（携帯電話、電気製品）,は,なるべく、販売店に引き取りを依頼してください
埋立ごみ,バット（木製、７０㎝超）,は,
埋立ごみの日の金属,バット（金属製）,は,
燃やすごみ,バット（木製、７０㎝以下）,は,
資源（容プラ）,発泡スチロールの緩衝材,は,
資源（容プラ）,発泡スチロールの箱,は,
資源（容プラ）,発泡スチロールの容器,は,
資源（容プラ）,発泡トレイ,は,スーパーの店頭回収をご利用ください
埋立ごみ,花台（金属以外、７０㎝超）,は,
燃やすごみ,花台（金属以外、７０㎝以下）,は,
埋立ごみの日の金属,花台（金属製）,は,
燃やすごみ,花火,は,水で湿らせる
埋立ごみの日の金属,パネルヒーター,は,
埋立ごみの日の金属,歯ブラシ（電動）,は,電池はとる
燃やすごみ,歯ブラシ（プラスチック製）,は,
燃やすごみ,歯磨き粉のチューブ,は,キャップは資源（容プラ）
埋立ごみの日の金属,針,は,紙で包み「危険」と表示
埋立ごみの日の金属,針金,は,
埋立ごみの日の金属,ハロゲンストーブ,は,
埋立ごみの日の金属,ハンガー（金属製）,は,
燃やすごみ,ハンガー（プラスチック製・木製）,は,
有料粗大ごみ（２７）,ハンガースタンド（金属以外、７０㎝超）,は,
燃やすごみ,ハンガースタンド（金属以外、７０㎝以下）,は,
埋立ごみの日の金属,ハンガースタンド（金属製）,は,
燃やすごみ,ハンカチ,は,
埋立ごみの日の金属,飯ごう,は,
有料粗大ごみ（３５）,パンツプレス（７０㎝超）,は,
埋立ごみの日の金属,パンツプレス（７０㎝以下）,は,
燃やすごみ,ハンドバッグ（革製）,は,
埋立ごみの日の金属,ハンドヘルドゲーム,は,
燃やすごみ,パンフレット,は,各校下・地区の集団回収をご利用ください
燃やすごみ,ハンマー（ゴム製）,は,
埋立ごみの日の金属,ハンマー（金属製）,は,
埋立ごみ,ハンマー（木製、７０㎝超）,は,
燃やすごみ,ハンマー（木製、７０㎝以下）,は,
埋立ごみ,ＰＰバンド（７０㎝超）,ひ,７０㎝以下に裁断すれば、燃やすごみ
燃やすごみ,ＰＰバンド（７０㎝以下）,ひ,
燃やすごみ,ピアニカ,ひ,
市で収集しない,ピアノ,ひ,購入した店または専門の業者で処分してもらってください
燃やすごみ,ビーズ,ひ,
埋立ごみ,ビーチパラソル,ひ,
あきびん,ビールびん,ひ,酒屋さんなどへ返しましょう
埋立ごみ,ビー玉,ひ,
埋立ごみ,ひげそり（手動式）,ひ,刃を紙で包み「危険」と表示して他のごみと分ける
埋立ごみの日の金属,ひげそり（電気式）,ひ,電池はとる
埋立ごみの日の金属,ＶＩＣＳ（ビックス）ユニット,ひ,
埋立ごみの日の金属,ビデオカメラ,ひ,電池はとる
燃やすごみ,ビデオテープ,ひ,
埋立ごみの日の金属,ビデオデッキ,ひ,
埋立ごみ,ビニールシート（家庭菜園用）,ひ,
埋立ごみ,ビニールホース,ひ,
有料粗大ごみ（２）,ビニールロッカー（７０㎝超）,ひ,
埋立ごみ,ビニールロッカー（７０㎝以下）,ひ,
埋立ごみ,火鉢,ひ,
燃やすごみ,肥料袋,ひ,
埋立ごみ（ライター）,百円ライター,ひ,ガスを使い切って
資源（容プラ）,漂白剤のプラスチックボトル,ひ,キャップを外す
有料粗大ごみ（２８）,屏風（７０㎝超）,ひ,
燃やすごみ,屏風（７０㎝以下）,ひ,
埋立ごみの日の金属,ファクシミリ,ふ,
有料粗大ごみ（９）,ファンシーケース（金属以外、７０㎝超）,ふ,
燃やすごみ,ファンシーケース（金属以外、７０㎝以下）,ふ,
埋立ごみの日の金属,ファンシーケース（金属製）,ふ,
埋立ごみの日の金属,ファンヒーター,ふ,油を抜いて電池を取る
燃やすごみ,フィルムのネガ,ふ,
燃やすごみ,ブーツ（革製）,ふ,
燃やすごみ,封筒,ふ,各校下・地区の集団回収をご利用ください（窓付き封筒はセロファンを取り除く）
埋立ごみの日の金属,フォーク（金属製）,ふ,刃を紙で包み「危険」と表示して、他のごみと分ける
燃やすごみ,フォーク（プラスチック製）,ふ,
埋立ごみの日の金属,フォトプリンター,ふ,
燃やすごみ,腹膜透析パック,ふ,汚物はトイレに捨てる
有料粗大ごみ（６４）,ふすま（７０㎝超）,ふ,増改築に伴うものは請け負った業者に処分してもらう
燃やすごみ,ふすま（７０㎝以下）,ふ,増改築に伴うものは請け負った業者に処分してもらう
有料粗大ごみ（７９）,仏壇（７０㎝超）,ふ,増改築に伴うものは請け負った業者に処分してもらう
埋立ごみ,仏壇（７０㎝以下）,ふ,
燃やすごみ,筆箱（金属以外）,ふ,
埋立ごみの日の金属,筆箱（金属製）,ふ,
有料粗大ごみ（２３）,ふとん（７０㎝超）,ふ,広げたときに７０㎝を超えているものは、有料粗大ごみ
燃やすごみ,ふとん（７０㎝以下）,ふ,広げたときに７０㎝を超えているものは、有料粗大ごみ
燃やすごみ,ふとん圧縮袋,ふ,
埋立ごみの日の金属,ふとん乾燥機,ふ,
燃やすごみ,ふとんたたき（金属以外）,ふ,
埋立ごみの日の金属,ふとんたたき（金属製）,ふ,
埋立ごみの日の金属,フライパン,ふ,
埋立ごみ,ブラインド（金属以外）,ふ,１辺７０㎝以下に裁断すれば、燃やすごみ
埋立ごみの日の金属,ブラインド（金属製）,ふ,
埋立ごみの日の金属,プラグ・ジャック,ふ,
埋立ごみ,ぶらさがり健康器,ふ,全体の８０％以上金属のものは、埋立ごみの日の金属へ
資源（容プラ）,プラスチック容器,ふ,
資源（容プラ）,プラスチック製容器・包装,ふ,
市で収集しない,プラズマテレビ,ふ,郵便局で家電リサイクル券を購入し、指定引取場所へ
燃やすごみ,フラワースタンド（金属以外）,ふ,
埋立ごみの日の金属,フラワースタンド（金属製）,ふ,
有料粗大ごみ（４９）,ブランコ（金属以外、７０㎝超）,ふ,
燃やすごみ,ブランコ（金属以外、７０㎝以下）,ふ,
埋立ごみの日の金属,ブランコ（金属製）,ふ,
燃やすごみ,プランター,ふ,７０㎝超のものは埋立ごみ
埋立ごみの日の金属,プリンター,ふ,
埋立ごみの日の金属,ブルーレイディスクレコーダー/プレーヤー,ふ,
燃やすごみ,古着（綿製品）,ふ,各校下・地区の集団回収をご利用ください（洗って、たたんで束ねる）
埋立ごみの日の金属,プレーヤー,ふ,
有料粗大ごみ（３６）,フロアスタンド（金属以外、７０㎝超）,ふ,
埋立ごみの日の金属,フロアスタンド（「金属以外、７０㎝超」以外）,ふ,
燃やすごみ,風呂椅子,ふ,
埋立ごみの日の金属,風呂がま,ふ,増改築に伴うものは請け負った業者に処分してもらう
埋立ごみの日の金属,プロジェクター,ふ,
市で収集しない,ブロック,ふ,専門業者に処分を依頼してください
燃やすごみ,フロッピーディスク,ふ,
埋立ごみ,風呂のふた,ふ,７０㎝以下に切れば燃やすごみ
市で収集しない,プロパンガスボンベ,ふ,購入先へ持参すると引き取っていただけます
有料粗大ごみ（６６）,風呂マット（７０㎝超）,ふ,広げたときに７０㎝を超えているものは、有料粗大ごみ
燃やすごみ,風呂マット（７０㎝以下）,ふ,広げたときに７０㎝を超えているものは、有料粗大ごみ
埋立ごみ,噴霧器（園芸用）,ふ,
埋立ごみ,文鎮（金属以外）,ふ,
埋立ごみの日の金属,文鎮（金属製）,ふ,
燃やすごみ,ヘアーカーラー,へ,
埋立ごみの日の金属,ヘアードライヤー,へ,
燃やすごみ,ヘアーブラシ（金属以外）,へ,
埋立ごみの日の金属,ヘアーブラシ（金属製）,へ,
有料粗大ごみ（２５）,ベッド（金属以外、７０㎝超）,へ,マットレスを除く。ただし、マットレスがベッドと一体になり、取り外せないものはベッドの扱い。
燃やすごみ,ベッド（金属以外、７０㎝以下）,へ,
埋立ごみの日の金属,ベッド（金属製）,へ,
有料粗大ごみ（７４）,ペット小屋（金属以外、７０㎝超）,へ,
燃やすごみ,ペット小屋（金属以外、７０㎝以下）,へ,
埋立ごみの日の金属,ペット小屋（金属製）,へ,
燃やすごみ,ペットシーツ,へ,汚物はトイレに捨てる
燃やすごみ,ペットのフン,へ,汚物はトイレに捨てる
資源（ペットボトル）,ペットボトル,へ,キャップを外す
資源（あき缶）,ペットボトルのキャップ（金属製）,へ,
資源（容プラ）,ペットボトルのキャップ（プラスチック製）,へ,
資源（容プラ）,ペットボトルのラベル,へ,
埋立ごみの日の金属,ヘッドホン,へ,
有料粗大ごみ（２４）,ベッドマット（７０㎝超）,へ,
燃やすごみ,ベッドマット（７０㎝以下）,へ,スプリングが入っているものは、埋立ごみ
有料粗大ごみ（２４）,ベッドマットレス（７０㎝超）,へ,
燃やすごみ,ベッドマットレス（７０㎝以下）,へ,スプリングが入っているものは、埋立ごみ
有料粗大ごみ（６９）,ベニヤ板（７０㎝超）,へ,
燃やすごみ,ベニヤ板（７０㎝以下）,へ,
有料粗大ごみ（５８）,ベビーカー（７０㎝超）,へ,
埋立ごみ,ベビーカー（７０㎝以下）,へ,
埋立ごみ,ベビーシート,へ,
埋立ごみ,ベビーチェアー,へ,
有料粗大ごみ（５７）,ベビーバス（７０㎝超）,へ,
燃やすごみ,ベビーバス（７０㎝以下）,へ,
有料粗大ごみ（２６）,ベビーベッド（金属以外、７０㎝超）,へ,
燃やすごみ,ベビーベッド（金属以外、７０㎝以下）,へ,
埋立ごみの日の金属,ベビーベッド（金属製）,へ,
埋立ごみ,ベビーラック,へ,
燃やすごみ,ベビー用カタカタ,へ,
有料粗大ごみ（２）,ベランダ収納庫（金属以外、７０㎝超）,へ,
燃やすごみ,ベランダ収納庫（金属以外、７０㎝以下）,へ,
埋立ごみの日の金属,ベランダ収納庫（金属製）,へ,
埋立ごみの日の金属,ヘルスメーター,へ,
燃やすごみ,ベルト,へ,金属部分は取り外し、埋立ごみの日の金属へ
燃やすごみ,ヘルメット,へ,
市で収集しない,ペンキ,へ,専門業者に処分を依頼してください
燃やすごみ,便座,へ,温水洗浄機付便座は埋立ごみの日の金属へ
有料粗大ごみ（１７）,ベンチ（金属以外、７０㎝超）,へ,
燃やすごみ,ベンチ（金属以外、７０㎝以下）,へ,
埋立ごみの日の金属,ベンチ（金属製）,へ,
有料粗大ごみ（５１）,ベンチプレスマシン（金属以外、７０㎝超）,へ,
埋立ごみ,ベンチプレスマシン（金属以外、７０㎝以下）,へ,
埋立ごみの日の金属,ベンチプレスマシン（金属製）,へ,
埋立ごみの日の金属,ホイール（自動車用・アルミ・スチール製）,ほ,
埋立ごみの日の金属,ボイラー,ほ,増改築に伴うものは請け負った業者に処分してもらう
埋立ごみ,望遠鏡,ほ,
埋立ごみ,ほうき（７０㎝超）,ほ,
燃やすごみ,ほうき（７０㎝以下）,ほ,
資源（容プラ）,包装用フィルム,ほ,
埋立ごみの日の金属,包丁（金属製）,ほ,刃を紙で包み「危険」と表示して、他のごみと分ける　
埋立ごみ,包丁（セラミック製）,ほ,刃を紙で包み「危険」と表示して、他のごみと分ける　
埋立ごみ,ボウリングのボール,ほ,
燃やすごみ,ボウル（金属以外）,ほ,
埋立ごみの日の金属,ボウル（金属製）,ほ,
埋立ごみ,ボウル（耐熱ガラス製）,ほ,
埋立ごみ,ホース,ほ,
燃やすごみ,ホースリール（金属以外）,ほ,
埋立ごみの日の金属,ホースリール（金属製）,ほ,
埋立ごみの日の金属,ポータブルコピー機,ほ,
燃やすごみ,ポータブルトイレ,ほ,汚物はトイレに捨てる
市で収集しない,ポータブル発電機,ほ,購入した店または専門の業者で処分してもらってください
埋立ごみの日の金属,ホームベーカリー,ほ,
有料粗大ごみ（３）,ホームラック（金属以外、７０㎝超）,ほ,
燃やすごみ,ホームラック（金属以外、７０㎝以下）,ほ,扉や戸がガラスのものは、埋立ごみへ
埋立ごみの日の金属,ホームラック（金属製）,ほ,
燃やすごみ,ボール（ゴルフ・野球・サッカー・テニスなど）,ほ,
燃やすごみ,ボールペン,ほ,
埋立ごみの日の金属,ホーロー鍋,ほ,
埋立ごみ,木刀（７０㎝超）,ほ,
燃やすごみ,木刀（７０㎝以下）,ほ,
埋立ごみ,歩行器（ベビー用）,ほ,
資源（水銀含有製品）,ボタン電池,ほ,電池リサイクル協力店でも回収しています
埋立ごみ,ポット,ほ,
有料粗大ごみ（３１）,ホットカーペット（７０㎝超）,ほ,広げたときに７０㎝を超えているものは、有料粗大ごみ
埋立ごみ,ホットカーペット（７０㎝以下）,ほ,広げたときに７０㎝を超えているものは、有料粗大ごみ
埋立ごみの日の金属,ホットプレート,ほ,
埋立ごみ,ホッピング,ほ,全体の８０％以上金属のものは、埋立ごみの日の金属へ
有料粗大ごみ（４４）,ボディーボード（７０㎝超）,ほ,
燃やすごみ,ボディーボード（７０㎝以下）,ほ,
埋立ごみ,ほ乳びん,ほ,
埋立ごみ,ポリタンク,ほ,中身を抜く
埋立ごみ,ポリバケツ（７０㎝超）,ほ,
燃やすごみ,ポリバケツ（７０㎝以下）,ほ,
燃やすごみ,保冷剤,ほ,
埋立ごみ,ホワイトボード,ほ,
有料粗大ごみ（４）,本棚（金属以外、７０㎝超）,ほ,
燃やすごみ,本棚（金属以外、７０㎝以下）,ほ,扉や戸がガラスのものは、埋立ごみへ
埋立ごみの日の金属,本棚（金属製）,ほ,
資源（容プラ）,マーガリンのプラスチック容器,ま,
燃やすごみ,マージャンパイ,ま,
埋立ごみの日の金属,マイク,ま,
有料粗大ごみ（４）,マガジンラック（金属以外、７０㎝超）,ま,
燃やすごみ,マガジンラック（金属以外、７０㎝以下）,ま,
埋立ごみの日の金属,マガジンラック（金属製）,ま,
埋立ごみ,枕（７０㎝超）,ま,
燃やすごみ,枕（７０㎝以下）,ま,
有料粗大ごみ（５２）,マッサージ機（いす型、７０㎝超）,ま,
埋立ごみの日の金属,マッサージ機（いす型、７０㎝以下）,ま,
埋立ごみの日の金属,マッサージ機（いす型以外）,ま,
有料粗大ごみ（６６）,マット（７０㎝超）,ま,広げたときに７０㎝を超えているものは、有料粗大ごみ
燃やすごみ,マット（繊維製・ゴム製、７０㎝以下）,ま,広げたときに７０㎝を超えているものは、有料粗大ごみ
有料粗大ごみ（２４）,マットレス（７０㎝超）,ま,広げたときに７０㎝を超えているものは、有料粗大ごみ
燃やすごみ,マットレス（７０㎝以下）,ま,スプリングが入っているものは、埋立ごみ
有料粗大ごみ（２９）,窓用換気扇（７０㎝超）,ま,窓用エアコンではありません
埋立ごみの日の金属,窓用換気扇（７０㎝以下）,ま,
燃やすごみ,まな板,ま,
燃やすごみ,マフラー,ま,
燃やすごみ,マヨネーズのチューブ,ま,キャップは資源（容プラ）
埋立ごみ,マルチシート（家庭菜園用・７０㎝超）,ま,７０㎝以下に裁断すれば、燃やすごみ
燃やすごみ,マルチシート（家庭菜園用・７０㎝以下）,ま,
埋立ごみ,マレットゴルフスティック,ま,
埋立ごみの日の金属,ミキサー,み,
有料粗大ごみ（３４）,ミシン（金属以外、７０㎝超）,み,
埋立ごみの日の金属,ミシン（「金属以外、７０㎝超」以外）,み,
埋立ごみの日の金属,ミシン（卓上型）,み,
資源（容プラ）,味噌のプラスチック容器,み,
燃やすごみ,密封容器,み,
埋立ごみの日の金属,ミニコンポ,み,
燃やすごみ,虫かご,む,
埋立ごみ,虫めがね,む,レンズがプラスチック製のものは、燃やすごみ
埋立ごみ,むしろ（７０㎝超）,む,広げたときに７０㎝を超えているものは、埋立ごみ
燃やすごみ,むしろ（７０㎝以下）,む,広げたときに７０㎝を超えているものは、埋立ごみ
埋立ごみ,めがね,め,
燃やすごみ,めがねケース（金属以外）,め,
埋立ごみの日の金属,めがねケース（金属製）,め,
埋立ごみの日の金属,メモリー類（ＳＤカード、ＵＳＢメモリなど）,め,
埋立ごみ,面（野球・剣道用）,め,
有料粗大ごみ（２２）,毛布（７０㎝超）,も,広げたときに７０㎝を超えているものは、有料粗大ごみ
燃やすごみ,毛布（７０㎝以下）,も,広げたときに７０㎝を超えているものは、有料粗大ごみ
埋立ごみの日の金属,餅つき機,も,
埋立ごみ,モップ,も,
埋立ごみの日の金属,モデム,も,
埋立ごみの日の金属,物置（小型）,も,
埋立ごみ,物干し（室内用）,も,
有料粗大ごみ（７７）,物干しざお（金属以外、７０㎝超）,も,
燃やすごみ,物干しざお（金属以外、７０㎝以下）,も,
埋立ごみの日の金属,物干しざお（金属製）,も,
有料粗大ごみ（７８）,物干し台（金属以外、７０㎝超）,も,支柱１本、台座１台まで１点
埋立ごみ,物干し台（金属以外、７０㎝以下）,も,
埋立ごみの日の金属,物干し台（金属製）,も,
有料粗大ごみ（７８）,物干し台（台座のみ）,も,
埋立ごみの日の金属,やかん（金属製）,や,
燃やすごみ,焼き鳥の串,や,先を折って危なくないように
埋立ごみ,薬品のびん,や,
資源（容プラ）,薬品のプラスチックボトル,や,キャップを外す
市で収集しない,薬品類,や,専門業者に処分を依頼してください
埋立ごみ,薬品容器（ガラス製）,や,
資源（容プラ）,薬品容器（プラスチック製）,や,
埋立ごみの日の金属,薬品容器（金属製）,や,
資源（容プラ）,野菜のトレイ,や,スーパーの店頭回収をご利用ください
資源（容プラ）,野菜の包装フィルム,や,
市で収集しない,輸液チューブ（在宅治療用）,ゆ,かかりつけの医療機関や薬局で引き取ってもらってください
埋立ごみの日の金属,床暖房パネル,ゆ,
燃やすごみ,湯たんぽ（金属以外）,ゆ,
埋立ごみの日の金属,湯たんぽ（金属製）,ゆ,
埋立ごみ,湯飲み茶碗,ゆ,
燃やすごみ,ゆりかご,ゆ,
埋立ごみの日の金属,湯沸かし器,ゆ,電池はとる
資源（容プラ）,ヨーグルトのカップ容器,よ,
資源（容プラ）,ヨーグルトの包装フィルム,よ,
有料粗大ごみ（１）,洋だんす（７０㎝超）,よ,
燃やすごみ,洋だんす（７０㎝以下）,よ,
有料粗大ごみ（５６）,浴槽（金属以外、７０㎝超）,よ,
埋立ごみ,浴槽（金属以外、７０㎝以下）,よ,
埋立ごみの日の金属,浴槽（金属製）,よ,
埋立ごみ,よしず（７０㎝超）,よ,
燃やすごみ,よしず（７０㎝以下）,よ,
埋立ごみ,ライター,ら,ガスを使い切って、専用のカゴに入れてください
有料粗大ごみ（１４）,ライティングデスク（金属以外、７０㎝超）,ら,
燃やすごみ,ライティングデスク（金属以外、７０㎝以下）,ら,
埋立ごみの日の金属,ライティングデスク（金属製）,ら,
埋立ごみ,ラケット,ら,
埋立ごみの日の金属,ラジオ,ら,
埋立ごみの日の金属,ラジカセ,ら,
埋立ごみの日の金属,ラジコンカー,ら,電池はとる
燃やすごみ,ラップの芯,ら,
埋立ごみ,ランタン,ら,油は抜く。電気ランタンは、埋立ごみの日の金属へ　
埋立ごみ,ランチジャー,ら,
燃やすごみ,ランドセル,ら,
有料粗大ごみ,ランニングマシン（金属以外、７０㎝超）,ら,
埋立ごみの日の金属,ランニングマシン（「金属以外、７０㎝超」以外）,ら,
埋立ごみの日の金属,リール（釣り用）,り,
有料粗大ごみ（７）,リビングボード（７０㎝超）,り,
燃やすごみ,リビングボード（７０㎝以下）,り,扉や戸がガラスのものは、埋立ごみへ
有料粗大ごみ（３６）,リビングライト（金属以外、７０㎝超）,り,
埋立ごみの日の金属,リビングライト（「金属以外、７０㎝超」以外）,り,
埋立ごみ,離乳食のびん,り,
埋立ごみの日の金属,リモコン（電化製品用）,り,電池はとる
埋立ごみの日の金属,料理用はかり,り,
有料粗大ごみ,旅行かばん（金属以外、７０㎝超）,り,
燃やすごみ,旅行かばん（金属以外、７０㎝以下）,り,
埋立ごみの日の金属,旅行かばん（金属製）,り,
資源（容プラ）,リンスのプラスチックボトル,り,キャップを外す
有料粗大ごみ（４３）,ルーフボックス（車両用、７０㎝超）,る,
埋立ごみ,ルーフボックス（車両用、７０㎝以下）,る,
有料粗大ごみ（５１）,ルームランナー（金属以外、７０㎝超）,る,
埋立ごみの日の金属,ルームランナー（「金属以外、７０㎝超」以外）,る,
資源,冷水器,れ,なるべく、販売店に引き取りを依頼してください。資源の日に出す場合はフロン回収製品・冷水器と表示
市で収集しない,冷蔵庫,れ,郵便局で家電リサイクル券を購入し、指定引取場所へ
市で収集しない,冷凍庫,れ,郵便局で家電リサイクル券を購入し、指定引取場所へ
埋立ごみの日の金属,冷風機,れ,
埋立ごみの日の金属,冷風扇,れ,
燃やすごみ,レーザーディスク（ソフト）,れ,
埋立ごみの日の金属,レーザーディスクプレイヤー,れ,
燃やすごみ,レコード,れ,
資源（容プラ）,レジ袋,れ,
有料粗大ごみ（１６）,レジャーテーブル（金属以外、７０㎝超）,れ,
燃やすごみ,レジャーテーブル（金属以外、７０㎝以下）,れ,
埋立ごみの日の金属,レジャーテーブル（金属製）,れ,
市で収集しない,レンガ,れ,専門業者に処分を依頼してください
埋立ごみ,レンジ台（金属以外、７０㎝超）,れ,
燃やすごみ,レンジ台（金属以外、７０㎝以下）,れ,
埋立ごみの日の金属,レンジ台（金属製）,れ,
埋立ごみの日の金属,レンジフードファン,れ,
埋立ごみ,ロープ（金属以外・７０㎝超）,ろ,１辺７０㎝以下に裁断すれば、燃やすごみ
燃やすごみ,ロープ（金属以外・７０㎝以下）,ろ,
有料粗大ごみ（７）,ローボード（７０㎝超）,ろ,
燃やすごみ,ローボード（７０㎝以下）,ろ,扉や戸がガラスのものは、埋立ごみへ
埋立ごみ,ローラースケート,ろ,
埋立ごみ,ローラーブレード,ろ,
有料粗大ごみ（２）,ロッカー（金属以外、７０㎝超）,ろ,
燃やすごみ,ロッカー（金属以外、７０㎝以下）,ろ,
埋立ごみの日の金属,ロッカー（金属製）,ろ,
有料粗大ごみ（１７）,ロッキングチェア（金属以外、７０㎝超）,ろ,
燃やすごみ,ロッキングチェア（金属以外、７０㎝以下）,ろ,
埋立ごみの日の金属,ロッキングチェア（金属製）,ろ,
埋立ごみの日の金属,ワープロ,わ,「ワープロ」と表示
埋立ごみの日の金属,ワイヤーロープ,わ,
有料粗大ごみ（１０）,ワゴン（金属以外、７０㎝超）,わ,
埋立ごみ,ワゴン（金属以外、７０㎝以下）,わ,
埋立ごみの日の金属,ワゴン（金属製）,わ,
有料粗大ごみ（１）,和だんす（７０㎝超）,わ,
燃やすごみ,和だんす（７０㎝以下）,わ,
埋立ごみ,割れたガラス,わ,紙で包み「危険」と表示
埋立ごみ,割れたコップ,わ,紙で包み「危険」と表示
