type,name,notice,furigana
燃やさないごみ,IHクッキングヒーター,,あ
燃やさないごみ,ＩＣレコーダー,,あ
燃やさないごみ,アイスピック,先端部を紙で包み「危険」と表示して他のごみと分ける,あ
燃やさないごみ,アイロン,,あ
燃やさないごみ,アイロン台（７０㎝超）,,あ
燃やさないごみ,アコーディオンカーテン（７０㎝以下）,,あ
燃やさないごみ,足こぎ四輪車（幼児用）（金属製または電動製）,,あ
燃やさないごみ,アダプター（各種電気製品用）,,あ
燃やさないごみ,雨どい,,あ
燃やさないごみ,編み機,,あ
燃やさないごみ,網戸（金属以外）,増改築に伴うものは請け負った業者に処分してもらう,あ
燃やさないごみ,網戸（金属製）,増改築に伴うものは請け負った業者に処分してもらう,あ
燃やさないごみ,アルミサッシ,増改築に伴うものは請け負った業者に処分してもらう,あ
燃やさないごみ,アルミホイール（自動車用）,タイヤは市で収集しません,あ
燃やさないごみ,泡立て器（電動式・手動式）,,あ
燃やさないごみ,安全ピン（金属製）,,あ
燃やさないごみ,アンテナ（テレビ・BS・CSなど）,,あ
燃やさないごみ,アンプ,,あ
燃やさないごみ,ＥＴＣ車載ユニット,,い
燃やさないごみ,衣装掛け（金属製）,,い
燃やさないごみ,衣装ケース（金属製）,,い
燃やさないごみ,いす（金属製）,,い
燃やさないごみ,板ガラス,,い
燃やさないごみ,板きれ（７０㎝超）,増改築に伴うものは請け負った業者に処分してもらう,い
燃やさないごみ,一輪車,「不用品」と必ず表示,い
燃やさないごみ,衣類乾燥機台,,い
燃やさないごみ,インテリアライト（「金属以外、７０㎝超」以外）,電球等は外す,い
燃やさないごみ,ウインドファン（７０㎝以下）,窓用エアコンではありません,う
燃やさないごみ,植木台（金属以外・７０㎝超）,,う
燃やさないごみ,植木台（金属製）,,う
燃やさないごみ,植木鉢（陶器製）,,う
燃やさないごみ,ウォーキングマシン（「金属以外、７０㎝超」以外）,,う
燃やさないごみ,ウォシュレット,増改築に伴うものは請け負った業者に処分してもらう,う
燃やさないごみ,浮き輪（７０㎝超）,空気を抜いて,う
燃やさないごみ,臼,,う
燃やさないごみ,乳母車（７０㎝以下）,全体の８０％以上金属のものは、埋立ごみの日の金属へ,う
燃やさないごみ,梅酒（自家製）のびん,,う
燃やさないごみ,運搬用一輪車,,う
燃やさないごみ,ＡＣアダプタ,,え
燃やさないごみ,ＭＤプレーヤー,,え
燃やさないごみ,枝きれ（７０㎝超）,ひもでしばって束ねて１回３束程度を目安に・多い場合は有料戸別収集で,え
燃やさないごみ,ＬＥＤ蛍光灯・ＬＥＤ電球,※LEDには、水銀は使用されていません,え
燃やさないごみ,塩化ビニル管,,え
燃やさないごみ,縁台（金属以外・７０㎝超）,,え
燃やさないごみ,縁台（金属製）,,え
燃やさないごみ,延長コード,,え
燃やさないごみ,煙突（ストーブ用、金属製）,,え
燃やさないごみ,鉛筆削り（電動製）,,え
燃やさないごみ,オイル缶,中身が残っているものは市で収集しませんので専門業者に処分を依頼してください,お
燃やさないごみ,オイルヒーター,中のオイルが残っていても、けっこうです,お
燃やさないごみ,オーディオラック（金属以外、７０㎝以下）,,お
燃やさないごみ,オーディオラック（金属製）,,お
燃やさないごみ,オーブン,,お
燃やさないごみ,オーブントースター,,お
燃やさないごみ,オーブンレンジ,,お
燃やさないごみ,お菓子の缶（２５㎝以上）,,お
燃やさないごみ,桶（金属以外・７０㎝超）,,お
燃やさないごみ,桶（金属製）,,お
燃やさないごみ,押しピン（頭がプラスチックのもの）,封筒などにいれて、｢危険｣と書く　　,お
燃やさないごみ,おもちゃ（金属製または電動製）,,お
燃やさないごみ,折りたたみいす（金属製）,,お
燃やさないごみ,折りたたみテーブル（金属製）,,お
燃やさないごみ,オルガン（７０㎝以下）,,お
燃やさないごみ,オルゴール,全体の８０％以上金属のものは、埋立ごみの日の金属へ,お
燃やさないごみ,温水洗浄機付便座,増改築に伴うものは請け負った業者に処分してもらう,お
燃やさないごみ,温度計（水銀を含まない）,,お
燃やさないごみ,温風機,,お
燃やさないごみ,温冷庫,,お
燃やさないごみ,カーカラーテレビ,,か
燃やさないごみ,カーＣＤプレーヤー,,か
燃やさないごみ,カーステレオ,,か
燃やさないごみ,カーテン（７０㎝超）,広げたときに７０㎝を超えているものは、埋立ごみ,か
燃やさないごみ,カーテンレール（金属製）,,か
燃やさないごみ,カーナビゲーションシステム,,か
燃やさないごみ,カーラジオ,,か
燃やさないごみ,貝殻（食べ残し以外、置物等）,,か
燃やさないごみ,懐中電灯,電池はとる,か
燃やさないごみ,回転ハンガー（金属製）,,か
燃やさないごみ,カイロ（懐炉）,全体の８０％以上金属のものは、埋立ごみの日の金属へ,か
燃やさないごみ,鏡（７０㎝以下）,,か
燃やさないごみ,学習机（金属製）,,か
燃やさないごみ,家具調こたつ（７０㎝以下）,,か
燃やさないごみ,額縁（金属以外）,はめ込み板がプラスチック製であれば、燃やすごみ,か
燃やさないごみ,額縁（金属製）,,か
燃やさないごみ,傘,,か
燃やさないごみ,傘立て（陶器製）,,か
燃やさないごみ,傘立て（金属製）,,か
燃やさないごみ,傘のほね（金属製）,,か
燃やさないごみ,加湿器,,か
燃やさないごみ,ガスオーブン・ガスオーブンレンジ,,か
燃やさないごみ,ガス釜,,か
燃やさないごみ,ガスコンロ,,か
燃やさないごみ,ガスストーブ,,か
燃やさないごみ,ガス台（７０㎝以下・金属以外）,,か
燃やさないごみ,ガス台（７０㎝以下・金属製）,,か
燃やさないごみ,ガステーブル,,か
燃やさないごみ,ガスレンジ,電池はとる,か
燃やさないごみ,カセットコンロ,ボンベは外す,か
燃やさないごみ,カセットデッキ,,か
燃やさないごみ,カッターナイフ,刃を紙で包み「危険」と表示して他のごみと分ける,か
燃やさないごみ,家庭用焼却炉（金属以外、７０㎝以下）,,か
燃やさないごみ,家庭用焼却炉（金属製）,,か
燃やさないごみ,金網（バーベキュー用）,,か
燃やさないごみ,かなづち,全体の８０％以上金属のものは、埋立ごみの日の金属へ,か
燃やさないごみ,かばん（アタッシュケース）（金属製）,,か
燃やさないごみ,花瓶,,か
燃やさないごみ,鎌,刃を紙で包み「危険」と表示して他のごみと分ける,か
燃やさないごみ,カミソリ（金属以外）,刃を紙で包み「危険」と表示して他のごみと分ける,か
燃やさないごみ,カミソリ（金属製）,刃を紙で包み「危険」と表示して他のごみと分ける,か
燃やさないごみ,神棚（７０㎝超）,,か
燃やさないごみ,カメラ,,か
燃やさないごみ,カラオケ演奏装置（７０㎝以下）,,か
燃やさないごみ,ガラス製品,,か
燃やさないごみ,軽石,,か
燃やさないごみ,皮むき器(金属製）,,か
燃やさないごみ,瓦,増改築に伴うものは請け負った業者に処分してもらう,か
燃やさないごみ,缶（一斗缶）,,か
燃やさないごみ,缶（２５㎝以上）,,か
燃やさないごみ,缶（オイル）,中身が残っているものは市で収集しませんので専門業者に処分を依頼してください,か
燃やさないごみ,缶（菓子缶：ミルク缶など、２５㎝以上）,,か
燃やさないごみ,換気扇,,か
燃やさないごみ,缶切り,,か
燃やさないごみ,乾燥機（家庭用・食器）,,か
燃やさないごみ,乾燥機（家庭用・食器洗い）,,か
燃やさないごみ,乾燥機（家庭用・布団）,,か
燃やさないごみ,かんな,,か
燃やさないごみ,キーボード（楽器、７０㎝以下）,,き
燃やさないごみ,キーボード（パソコン用）,,き
燃やさないごみ,ギターケース（７０㎝超）,,き
燃やさないごみ,キックボード,全体の８０％以上金属のものは、埋立ごみの日の金属へ,き
燃やさないごみ,キッチン収納棚（金属以外、７０㎝以下）,,き
燃やさないごみ,キッチン収納棚（金属製）,,き
燃やさないごみ,杵,,き
燃やさないごみ,脚立（金属以外）,,き
燃やさないごみ,脚立（金属製）,,き
燃やさないごみ,キャスターハンガー（金属以外、７０㎝以下）,,き
燃やさないごみ,キャスターハンガー（金属製）,,き
燃やさないごみ,キャビネット（金属以外、７０㎝以下）,,き
燃やさないごみ,キャビネット（金属製）,,き
燃やさないごみ,キャリアー（車用、金属以外）,７０㎝を超えるルーフボックスは有料粗大ごみ,き
燃やさないごみ,キャリアー（車用、金属製）,,き
燃やさないごみ,急須,,き
燃やさないごみ,給湯器,電池はとる,き
燃やさないごみ,鏡台（７０㎝以下）,,き
燃やさないごみ,きり,先端部を紙で包み「危険」と表示して他のごみと分ける,き
燃やさないごみ,金庫（耐火）,おおむね５５㎏以上のものは市では収集できません　,き
燃やさないごみ,金庫（手提げ）,,き
燃やさないごみ,空気入れ（金属製）,,く
燃やさないごみ,空気清浄機,,く
燃やさないごみ,釘,紙で包み「危険」と表示,く
燃やさないごみ,草刈り機（手動式）,,く
燃やさないごみ,鎖（金属製）,,く
燃やさないごみ,串(金属製）,紙で包み「危険」と表示,く
燃やさないごみ,口紅の容器（金属製）,,く
燃やさないごみ,くつ（スキーブーツ・スケート靴）,,く
燃やさないごみ,くつのスパイク（金属製）,,く
燃やさないごみ,クッキングヒーター,,く
燃やさないごみ,クッション（７０㎝超）,,く
燃やさないごみ,グランドゴルフスティック,,く
燃やさないごみ,グリル鍋（金属以外）,,く
燃やさないごみ,グリル鍋（金属製）,,く
燃やさないごみ,車(幼児用）（金属製または電動製）,電池で動くものは、電池をとる。,く
燃やさないごみ,車(幼児用）（「金属製または電動製」以外・７０㎝超),,く
燃やさないごみ,車椅子（折りたたみ式・電動式）,電動式はバッテリーを外す,く
燃やさないごみ,グローランプ,,く
燃やさないごみ,くわ（鍬）,,く
燃やさないごみ,蛍光灯（本体）,,け
燃やさないごみ,携帯電話,販売店に引き取りを依頼してください,け
燃やさないごみ,ゲートボールスティック,,け
燃やさないごみ,ケーブル,,け
燃やさないごみ,ケーブルテレビ用セットトップボックス,レンタルの場合は、借りたお店に返却してください,け
燃やさないごみ,ゲーム機（ＴＶゲーム・ポケットゲーム）,,け
燃やさないごみ,ゲーム用コントローラー,,け
燃やさないごみ,化粧品のガラスびん,,け
燃やさないごみ,化粧容器（金属製）,,け
燃やさないごみ,げた箱（金属製）,増改築に伴うものは請け負った業者に処分してもらう,け
燃やさないごみ,血圧計（デジタル式）,電池はとる,け
燃やさないごみ,健康増進器具（金属以外）,プラスチック製、ゴム製のものは燃やすごみ、電動のものは埋立ごみの日の金属へ,け
燃やさないごみ,健康増進器具（金属製）,,け
燃やさないごみ,剣道用具（竹刀、７０㎝超）,,け
燃やさないごみ,剣道用具（面）,,け
燃やさないごみ,碁石,,こ
燃やさないごみ,公衆用ＰＨＳ端末,,こ
燃やさないごみ,コード,,こ
燃やさないごみ,コートハンガー（金属製）,,こ
燃やさないごみ,コーヒーメーカー,,こ
燃やさないごみ,こたつ（７０㎝以下）,,こ
燃やさないごみ,コップ（ガラス製）,,こ
燃やさないごみ,琴,,こ
燃やさないごみ,粉々のびん,,こ
燃やさないごみ,碁盤（厚さ１０㎝以上）,,こ
燃やさないごみ,コピー機（家庭用）,,こ
燃やさないごみ,ごみ箱(金属製）,,こ
燃やさないごみ,ゴムホース（７０㎝超）,伸ばしたときに７０㎝を超えているものは、埋立ごみ,こ
燃やさないごみ,ゴムボート,空気を抜いて,こ
燃やさないごみ,米びつ（金属製）,,こ
燃やさないごみ,コルクボード（７０㎝超）,,こ
燃やさないごみ,ゴルフクラブ,カーボン製は埋立ごみ,こ
燃やさないごみ,ゴルフバック,,こ
燃やさないごみ,コンパクト,,こ
燃やさないごみ,コンポスト容器（７０㎝超）,,こ
燃やさないごみ,コンロ（バーベキュー用）,,こ
燃やさないごみ,サイクリングマシン（「金属以外、７０㎝超」以外）,,さ
燃やさないごみ,座いす（金属以外、７０㎝以下）,,さ
燃やさないごみ,座いす（金属製）,,さ
燃やさないごみ,サイドボード（７０㎝以下）,,さ
燃やさないごみ,裁縫箱（金属製）,,さ
燃やさないごみ,さしこ（竹製鳥かご、７０㎝超）,,さ
燃やさないごみ,サッシ（金属以外）,増改築に伴うものは請け負った業者に処分してもらう,さ
燃やさないごみ,サッシ（金属製）,増改築に伴うものは請け負った業者に処分してもらう　　,さ
燃やさないごみ,座ぶとん（７０㎝超）,,さ
燃やさないごみ,皿,,さ
燃やさないごみ,三角コーナー（金属製）,,さ
燃やさないごみ,三脚（カメラ、ビデオ）（金属以外）,,さ
燃やさないごみ,三脚（カメラ、ビデオ）（金属製）,,さ
燃やさないごみ,サングラス,レンズがプラスチック製のものは、燃やすごみ,さ
燃やさないごみ,さんご,,さ
燃やさないごみ,三輪車,「不用品」と必ず表示,さ
燃やさないごみ,CSデジタルアンテナ,,し
燃やさないごみ,CSデジタルチューナー,,し
燃やさないごみ,ＣＤプレーヤー,,し
燃やさないごみ,ＣＤラジカセ,,し
燃やさないごみ,シーツ（７０㎝超）,１辺７０ｃｍ以下に裁断すれば、燃やすごみ,し
燃やさないごみ,シート（車）,,し
燃やさないごみ,磁気マットレス（７０㎝以下）,広げたときに７０㎝を超えているものは、有料粗大ごみ,し
燃やさないごみ,磁石,,し
燃やさないごみ,七輪,,し
燃やさないごみ,自転車,「不用品」と必ず表示,し
燃やさないごみ,自転車（電動アシスト付き）,「不用品」と必ず表示・バッテリーは、リサイクル協力店へ,し
燃やさないごみ,自動車カバー（７０㎝超）,１辺７０ｃｍ以下に裁断すれば、燃やすごみ,し
燃やさないごみ,竹刀（７０㎝超）,,し
燃やさないごみ,蛇口,,し
燃やさないごみ,ジャッキ,,し
燃やさないごみ,ジャングルジム（子ども用遊具）,パイプがプラスチック製または紙製でかつ７０㎝以下ものは燃やすごみ,し
燃やさないごみ,シャンデリア（７０㎝以下）,電球は外す,し
燃やさないごみ,シャンプードレッサー（７０㎝以下）,,し
燃やさないごみ,ジューサー,,し
燃やさないごみ,シューズボックス（金属製）,増改築に伴うものは請け負った業者に処分してもらう,し
燃やさないごみ,収納ケース・箱・ボックス（金属製）,,し
燃やさないごみ,収納棚（金属製）,,し
燃やさないごみ,将棋盤（厚さ１0㎝以上）,,し
燃やさないごみ,障子（金属製）,増改築に伴うものは請け負った業者に処分してもらう,し
燃やさないごみ,浄水器,,し
燃やさないごみ,照明器具（「金属以外、７０㎝超」以外）,電球は外す,し
燃やさないごみ,照明器具のかさ（ガラス製）,,し
燃やさないごみ,照明器具のかさ（金属製）,,し
燃やさないごみ,じょうろ(金属製）,,し
燃やさないごみ,書棚（金属製）,,し
燃やさないごみ,食器（ガラス製・陶磁器製）,,し
燃やさないごみ,食器（金属製）,,し
燃やさないごみ,食器洗い乾燥機,,し
燃やさないごみ,食器洗い器,,し
燃やさないごみ,食器乾燥機,,し
燃やさないごみ,食器棚（７０㎝以下）,,し
燃やさないごみ,ショッピングカート(金属製）,,し
燃やさないごみ,書類用バインダーの金具,,し
燃やさないごみ,シルバーカー,「不用品」と必ず表示,し
燃やさないごみ,人工芝（７０㎝超）,,し
燃やさないごみ,水槽（７０㎝以下）,,す
燃やさないごみ,水中めがね,レンズがプラスチック製のものは、燃やすごみ,す
燃やさないごみ,水筒（金属製）,,す
燃やさないごみ,炊飯器（内釜含む）,,す
燃やさないごみ,スーツケース（金属製）,,す
燃やさないごみ,姿見（７０㎝以下）,,す
燃やさないごみ,スキー板（７０㎝以下）,,す
燃やさないごみ,スキーキャリア（金属以外）,,す
燃やさないごみ,スキーキャリア（金属製）,,す
燃やさないごみ,スキャナー,,す
燃やさないごみ,スケートボード,,す
燃やさないごみ,スコップ（金属製）,,す
燃やさないごみ,硯（すずり）,,す
燃やさないごみ,すだれ（竹製・プラスチック製・７０㎝超）,１辺７０㎝以下に裁断すれば、燃やすごみ,す
燃やさないごみ,スタンドミラー（７０㎝以下）,,す
燃やさないごみ,ステレオセット（７０㎝以下）,,す
燃やさないごみ,ストーブ,,す
燃やさないごみ,ストーブガード,,す
燃やさないごみ,スノーダンプ（金属以外・７０㎝超）,,す
燃やさないごみ,スノーダンプ（金属製）,,す
燃やさないごみ,スノーボード（７０㎝以下）,,す
燃やさないごみ,すのこ（７０㎝超）,,す
燃やさないごみ,スピーカー（７０㎝以下）,,す
燃やさないごみ,スプーン（金属製）,,す
燃やさないごみ,ズボンプレッサー（７０㎝以下）,,す
燃やさないごみ,スリッパ立て（金属以外・７０㎝超）,,す
燃やさないごみ,スリッパ立て（金属製）,,す
燃やさないごみ,すり鉢,,す
燃やさないごみ,精米機（家庭用）,,せ
燃やさないごみ,石油ストーブ,油を抜いて電池を取る,せ
燃やさないごみ,石油タンク,油は抜く,せ
燃やさないごみ,石油ポンプ（電動式）,電池はとる,せ
燃やさないごみ,洗濯ばさみ（金属製）,,せ
燃やさないごみ,洗濯用ハンガー（金属製）,,せ
燃やさないごみ,栓抜き（金属以外）,,せ
燃やさないごみ,栓抜き（金属製）,,せ
燃やさないごみ,扇風機（７０㎝以下）,,せ
燃やさないごみ,洗面器（金属製）,,せ
燃やさないごみ,洗面化粧台（７０㎝以下）,増改築に伴うものは請け負った業者に処分してもらう,せ
燃やさないごみ,双眼鏡,,そ
燃やさないごみ,掃除機,,そ
燃やさないごみ,ソファー（７０㎝以下・スプリングあり）,,そ
燃やさないごみ,ソファーベッド（７０㎝以下・スプリングあり）,,そ
燃やさないごみ,体温計（水銀を含まない）,電池はとる,た
燃やさないごみ,体重計(家庭用）,,た
燃やさないごみ,耐火金庫,おおむね５５㎏以上のものは市では収集できません,た
燃やさないごみ,台車,,た
燃やさないごみ,タイヤチェーン（金属製）,,た
燃やさないごみ,タイヤホイール,,た
燃やさないごみ,高枝切りばざみ（金属以外）,,た
燃やさないごみ,高枝切りばさみ（金属製）,,た
燃やさないごみ,竹馬（金属製）,,た
燃やさないごみ,竹馬（竹・木製、７０㎝超）,,た
燃やさないごみ,竹ぼうき（７０㎝超）,,た
燃やさないごみ,たらい(金属製）,,た
燃やさないごみ,たる（７０㎝超）,,た
燃やさないごみ,たわし(金属製）,,た
燃やさないごみ,ダンベル（金属製）,,た
燃やさないごみ,チェーン（金属製）,,ち
燃やさないごみ,地球儀,,ち
燃やさないごみ,地上デジタルチューナー,,ち
燃やさないごみ,チャイルドシート,,ち
燃やさないごみ,茶碗,,ち
燃やさないごみ,チューナー,,ち
燃やさないごみ,調理台（７０㎝以下）,増改築に伴うものは請け負った業者に処分してもらう,ち
燃やさないごみ,ちりとり（金属製）,,ち
燃やさないごみ,ついたて（金属製）,,つ
燃やさないごみ,使い捨てカイロ,,つ
燃やさないごみ,机（金属製）,,つ
燃やさないごみ,漬けもの石（市販のもの）,,つ
燃やさないごみ,漬けもの桶,７０㎝以下なら燃やすごみ,つ
燃やさないごみ,つぼ,,つ
燃やさないごみ,釣りざお,,つ
燃やさないごみ,つるはし,,つ
燃やさないごみ,DVDプレーヤー,,て
燃やさないごみ,ディスプレイ（パソコン以外）,,て
燃やさないごみ,テーブル（金属製）,,て
燃やさないごみ,テープレコーダー,,て
燃やさないごみ,手押し車,「不用品」と必ず表示,て
燃やさないごみ,手鏡,,て
燃やさないごみ,手提げ金庫,,て
燃やさないごみ,デジタルカメラ,電池はとる,て
燃やさないごみ,デジタル血圧計,電池はとる,て
燃やさないごみ,鉄アレイ,,て
燃やさないごみ,鉄板（バーベキュー用）,,て
燃やさないごみ,鉄棒（子ども用遊具）,,て
燃やさないごみ,テニスラケット,,て
燃やさないごみ,テレビゲーム,,て
燃やさないごみ,テレビ台（金属製）,,て
燃やさないごみ,電気アンカ,,て
燃やさないごみ,電気カーペット（７０㎝以下）,広げたときに７０㎝を超えているものは、有料粗大ごみ,て
燃やさないごみ,電気かみそり,,て
燃やさないごみ,電気コード,,て
燃やさないごみ,電気こたつ（７０㎝以下）,,て
燃やさないごみ,電気炊飯器（内釜含む）,,て
燃やさないごみ,電気スタンド（「金属以外、７０㎝超」以外）,,て
燃やさないごみ,電気ストーブ,,て
燃やさないごみ,電気のこぎり,,て
燃やさないごみ,電気ポット,,て
燃やさないごみ,電気毛布（７０㎝以下）,広げたときに７０㎝を超えているものは、有料粗大ごみ,て
燃やさないごみ,電球,,て
燃やさないごみ,電気ランタン,電池は取る,て
燃やさないごみ,電子辞書,,て
燃やさないごみ,電磁調理器,,て
燃やさないごみ,電子手帳,,て
燃やさないごみ,電子レンジ,,て
燃やさないごみ,天体望遠鏡,,て
燃やさないごみ,電卓,,て
燃やさないごみ,テント（レジャー用）,,て
燃やさないごみ,点灯管,,て
燃やさないごみ,電動かんな,,て
燃やさないごみ,電動自転車,「不用品」と必ず表示・バッテリーは、リサイクル協力店へ　,て
燃やさないごみ,電動ドリル,,て
燃やさないごみ,電動のこぎり,,て
燃やさないごみ,テントの支柱（レジャー用、金属製）,,て
燃やさないごみ,電話機,,て
燃やさないごみ,電話台,,て
燃やさないごみ,ドア（金属以外）,増改築に伴うものは請け負った業者に処分してもらう,と
燃やさないごみ,ドア（金属製）,増改築に伴うものは請け負った業者に処分してもらう,と
燃やさないごみ,砥石,,と
燃やさないごみ,陶器製食器（湯飲み・茶碗・皿など）,,と
燃やさないごみ,灯油缶（プラスチック製）,中身が残っているものは市で収集しませんので専門業者に処分を依頼してください,と
燃やさないごみ,灯油缶（金属製）,中身が残っているものは市で収集しませんので専門業者に処分を依頼してください,と
燃やさないごみ,トースター,,と
燃やさないごみ,時計（壁掛け・目覚まし・腕）,,と
燃やさないごみ,戸棚（金属製）,,と
燃やさないごみ,トタン板,,と
燃やさないごみ,ドライバー,全体の８０％以上金属のものは、埋立ごみの日の金属へ,と
燃やさないごみ,ドラム缶（あき缶）,,と
燃やさないごみ,トランク（金属製）,,と
燃やさないごみ,トランシーバー,,と
燃やさないごみ,トランポリン（子ども用遊具）,,と
燃やさないごみ,鳥かご（金属製）,,と
燃やさないごみ,塗料容器（金属製）,中身が残っているものは市で収集しませんので専門業者に処分を依頼してください,と
燃やさないごみ,トレーニング機器（金属以外・７０㎝以下）,プラスチック製、ゴム製のものは燃やすごみ、電動のものは埋立ごみの日の金属へ,と
燃やさないごみ,トレーニング機器（金属製）,,と
燃やさないごみ,ドレッサー（７０㎝以下）,,と
燃やさないごみ,トロフィー,プラスチック製のものは、燃やすごみ,と
燃やさないごみ,ナイフ,刃を紙で包み「危険」と表示して、他のごみと分ける,な
燃やさないごみ,流し台（７０㎝以下）,,な
燃やさないごみ,ながもち（７０㎝以下）,,な
燃やさないごみ,ナタ（鉈）,刃を紙で包み「危険」と表示して他のごみと分ける,な
燃やさないごみ,ナツメ球,,な
燃やさないごみ,鍋（金属製）,,な
燃やさないごみ,鍋（耐熱ガラス製）,,な
燃やさないごみ,生ごみ処理機(家庭用・電気式）,,な
燃やさないごみ,なまり（釣り用おもり）,,な
燃やさないごみ,波板（金属製）,,な
燃やさないごみ,荷造り用ひもバンド（７０㎝超）,７０㎝以下に裁断すれば、燃やすごみ,に
燃やさないごみ,日本人形ケース,,に
燃やさないごみ,庭池,,に
燃やさないごみ,人形（ぬいぐるみ、７０㎝超）,,に
燃やさないごみ,人形ケース,,に
燃やさないごみ,ぬいぐるみ（７０㎝超）,,ぬ
燃やさないごみ,猫砂（粘土製）,,ね
燃やさないごみ,寝袋（７０㎝超）,,ね
燃やさないごみ,ねんど（学用品）,,ね
燃やさないごみ,農薬のびん（家庭菜園用）,中身が残っているものは市で収集できないので専門業者に処分を依頼,の
燃やさないごみ,のこぎり,,の
燃やさないごみ,ノブ（ドア）,,の
燃やさないごみ,のみ（鑿）,,の
燃やさないごみ,海苔の缶（２５㎝以上）,,の
燃やさないごみ,ハードディスクドライブ（ＨＤＤ）,,は
燃やさないごみ,バーベキューコンロ,,は
燃やさないごみ,バーベル,,は
燃やさないごみ,ハーモニカ,,は
燃やさないごみ,灰皿（ガラス製・陶器製）,,は
燃やさないごみ,パイプいす（金属製）,,は
燃やさないごみ,はかり（料理用）,,は
燃やさないごみ,剥製（はくせい）,,は
燃やさないごみ,白熱球,,は
燃やさないごみ,バケツ（金属製）,,は
燃やさないごみ,はさみ（金属以外）,,は
燃やさないごみ,はさみ（金属製）,,は
燃やさないごみ,はしご（金属製）,,は
燃やさないごみ,柱時計,,は
燃やさないごみ,バスケットゴール（金属製）,,は
燃やさないごみ,パソコン机（金属製）,,は
燃やさないごみ,パソコン用キーボード,,は
燃やさないごみ,パソコン用プリンター,,は
燃やさないごみ,パソコン用ラック（金属製）,,は
燃やさないごみ,パチンコ・スロット台（個人用）,,は
燃やさないごみ,バット（木製、７０㎝超）,,は
燃やさないごみ,バット（金属製）,,は
燃やさないごみ,花台（金属以外、７０㎝超）,,は
燃やさないごみ,花台（金属製）,,は
燃やさないごみ,パネルヒーター,,は
燃やさないごみ,歯ブラシ（電動）,電池はとる,は
燃やさないごみ,針,紙で包み「危険」と表示,は
燃やさないごみ,針金,,は
燃やさないごみ,ハロゲンストーブ,,は
燃やさないごみ,ハンガー（金属製）,,は
燃やさないごみ,ハンガースタンド（金属製）,,は
燃やさないごみ,飯ごう,,は
燃やさないごみ,パンツプレス（７０㎝以下）,,は
燃やさないごみ,ハンドヘルドゲーム,,は
燃やさないごみ,ハンマー（金属製）,,は
燃やさないごみ,ハンマー（木製、７０㎝超）,,は
燃やさないごみ,ＰＰバンド（７０㎝超）,７０㎝以下に裁断すれば、燃やすごみ,ひ
燃やさないごみ,ビーチパラソル,,ひ
燃やさないごみ,ビー玉,,ひ
燃やさないごみ,ひげそり（手動式）,刃を紙で包み「危険」と表示して他のごみと分ける,ひ
燃やさないごみ,ひげそり（電気式）,電池はとる,ひ
燃やさないごみ,ＶＩＣＳ（ビックス）ユニット,,ひ
燃やさないごみ,ビデオカメラ,電池はとる,ひ
燃やさないごみ,ビデオデッキ,,ひ
燃やさないごみ,ビニールシート（家庭菜園用）,,ひ
燃やさないごみ,ビニールホース,,ひ
燃やさないごみ,ビニールロッカー（７０㎝以下）,,ひ
燃やさないごみ,火鉢,,ひ
燃やさないごみ,百円ライター,ガスを使い切って,ひ
燃やさないごみ,ファクシミリ,,ふ
燃やさないごみ,ファンシーケース（金属製）,,ふ
燃やさないごみ,ファンヒーター,油を抜いて電池を取る,ふ
燃やさないごみ,フォーク（金属製）,刃を紙で包み「危険」と表示して、他のごみと分ける,ふ
燃やさないごみ,フォトプリンター,,ふ
燃やさないごみ,仏壇（７０㎝以下）,,ふ
燃やさないごみ,筆箱（金属製）,,ふ
燃やさないごみ,ふとん乾燥機,,ふ
燃やさないごみ,ふとんたたき（金属製）,,ふ
燃やさないごみ,フライパン,,ふ
燃やさないごみ,ブラインド（金属以外）,１辺７０㎝以下に裁断すれば、燃やすごみ,ふ
燃やさないごみ,ブラインド（金属製）,,ふ
燃やさないごみ,プラグ・ジャック,,ふ
燃やさないごみ,ぶらさがり健康器,全体の８０％以上金属のものは、埋立ごみの日の金属へ,ふ
燃やさないごみ,フラワースタンド（金属製）,,ふ
燃やさないごみ,ブランコ（金属製）,,ふ
燃やさないごみ,プリンター,,ふ
燃やさないごみ,ブルーレイディスクレコーダー/プレーヤー,,ふ
燃やさないごみ,プレーヤー,,ふ
燃やさないごみ,フロアスタンド（「金属以外、７０㎝超」以外）,,ふ
燃やさないごみ,風呂がま,増改築に伴うものは請け負った業者に処分してもらう,ふ
燃やさないごみ,プロジェクター,,ふ
燃やさないごみ,風呂のふた,７０㎝以下に切れば燃やすごみ,ふ
燃やさないごみ,噴霧器（園芸用）,,ふ
燃やさないごみ,文鎮（金属以外）,,ふ
燃やさないごみ,文鎮（金属製）,,ふ
燃やさないごみ,ヘアードライヤー,,へ
燃やさないごみ,ヘアーブラシ（金属製）,,へ
燃やさないごみ,ベッド（金属製）,,へ
燃やさないごみ,ペット小屋（金属製）,,へ
燃やさないごみ,ヘッドホン,,へ
燃やさないごみ,ベビーカー（７０㎝以下）,,へ
燃やさないごみ,ベビーシート,,へ
燃やさないごみ,ベビーチェアー,,へ
燃やさないごみ,ベビーベッド（金属製）,,へ
燃やさないごみ,ベビーラック,,へ
燃やさないごみ,ベランダ収納庫（金属製）,,へ
燃やさないごみ,ヘルスメーター,,へ
燃やさないごみ,ベンチ（金属製）,,へ
燃やさないごみ,ベンチプレスマシン（金属以外、７０㎝以下）,,へ
燃やさないごみ,ベンチプレスマシン（金属製）,,へ
燃やさないごみ,ホイール（自動車用・アルミ・スチール製）,,ほ
燃やさないごみ,ボイラー,増改築に伴うものは請け負った業者に処分してもらう,ほ
燃やさないごみ,望遠鏡,,ほ
燃やさないごみ,ほうき（７０㎝超）,,ほ
燃やさないごみ,包丁（金属製）,刃を紙で包み「危険」と表示して、他のごみと分ける　,ほ
燃やさないごみ,包丁（セラミック製）,刃を紙で包み「危険」と表示して、他のごみと分ける　,ほ
燃やさないごみ,ボウリングのボール,,ほ
燃やさないごみ,ボウル（金属製）,,ほ
燃やさないごみ,ボウル（耐熱ガラス製）,,ほ
燃やさないごみ,ホース,,ほ
燃やさないごみ,ホースリール（金属製）,,ほ
燃やさないごみ,ポータブルコピー機,,ほ
燃やさないごみ,ホームベーカリー,,ほ
燃やさないごみ,ホームラック（金属製）,,ほ
燃やさないごみ,ホーロー鍋,,ほ
燃やさないごみ,木刀（７０㎝超）,,ほ
燃やさないごみ,歩行器（ベビー用）,,ほ
燃やさないごみ,ポット,,ほ
燃やさないごみ,ホットカーペット（７０㎝以下）,広げたときに７０㎝を超えているものは、有料粗大ごみ,ほ
燃やさないごみ,ホットプレート,,ほ
燃やさないごみ,ホッピング,全体の８０％以上金属のものは、埋立ごみの日の金属へ,ほ
燃やさないごみ,ほ乳びん,,ほ
燃やさないごみ,ポリタンク,中身を抜く,ほ
燃やさないごみ,ポリバケツ（７０㎝超）,,ほ
燃やさないごみ,ホワイトボード,,ほ
燃やさないごみ,本棚（金属製）,,ほ
燃やさないごみ,マイク,,ま
燃やさないごみ,マガジンラック（金属製）,,ま
燃やさないごみ,枕（７０㎝超）,,ま
燃やさないごみ,マッサージ機（いす型、７０㎝以下）,,ま
燃やさないごみ,マッサージ機（いす型以外）,,ま
燃やさないごみ,窓用換気扇（７０㎝以下）,,ま
燃やさないごみ,マルチシート（家庭菜園用・７０㎝超）,７０㎝以下に裁断すれば、燃やすごみ,ま
燃やさないごみ,マレットゴルフスティック,,ま
燃やさないごみ,ミキサー,,み
燃やさないごみ,ミシン（「金属以外、７０㎝超」以外）,,み
燃やさないごみ,ミシン（卓上型）,,み
燃やさないごみ,ミニコンポ,,み
燃やさないごみ,虫めがね,レンズがプラスチック製のものは、燃やすごみ,む
燃やさないごみ,むしろ（７０㎝超）,広げたときに７０㎝を超えているものは、埋立ごみ,む
燃やさないごみ,めがね,,め
燃やさないごみ,めがねケース（金属製）,,め
燃やさないごみ,メモリー類（ＳＤカード、ＵＳＢメモリなど）,,め
燃やさないごみ,面（野球・剣道用）,,め
燃やさないごみ,餅つき機,,も
燃やさないごみ,モップ,,も
燃やさないごみ,モデム,,も
燃やさないごみ,物置（小型）,,も
燃やさないごみ,物干し（室内用）,,も
燃やさないごみ,物干しざお（金属製）,,も
燃やさないごみ,物干し台（金属以外、７０㎝以下）,,も
燃やさないごみ,物干し台（金属製）,,も
燃やさないごみ,やかん（金属製）,,や
燃やさないごみ,薬品のびん,,や
燃やさないごみ,薬品容器（ガラス製）,,や
燃やさないごみ,薬品容器（金属製）,,や
燃やさないごみ,床暖房パネル,,ゆ
燃やさないごみ,湯たんぽ（金属製）,,ゆ
燃やさないごみ,湯飲み茶碗,,ゆ
燃やさないごみ,湯沸かし器,電池はとる,ゆ
燃やさないごみ,浴槽（金属以外、７０㎝以下）,,よ
燃やさないごみ,浴槽（金属製）,,よ
燃やさないごみ,よしず（７０㎝超）,,よ
燃やさないごみ,ライター,ガスを使い切って、専用のカゴに入れてください,ら
燃やさないごみ,ライティングデスク（金属製）,,ら
燃やさないごみ,ラケット,,ら
燃やさないごみ,ラジオ,,ら
燃やさないごみ,ラジカセ,,ら
燃やさないごみ,ラジコンカー,電池はとる,ら
燃やさないごみ,ランタン,油は抜く。電気ランタンは、埋立ごみの日の金属へ　,ら
燃やさないごみ,ランチジャー,,ら
燃やさないごみ,ランニングマシン（「金属以外、７０㎝超」以外）,,ら
燃やさないごみ,リール（釣り用）,,り
燃やさないごみ,リビングライト（「金属以外、７０㎝超」以外）,,り
燃やさないごみ,離乳食のびん,,り
燃やさないごみ,リモコン（電化製品用）,電池はとる,り
燃やさないごみ,料理用はかり,,り
燃やさないごみ,旅行かばん（金属製）,,り
燃やさないごみ,ルーフボックス（車両用、７０㎝以下）,,る
燃やさないごみ,ルームランナー（「金属以外、７０㎝超」以外）,,る
燃やさないごみ,冷風機,,れ
燃やさないごみ,冷風扇,,れ
燃やさないごみ,レーザーディスクプレイヤー,,れ
燃やさないごみ,レジャーテーブル（金属製）,,れ
燃やさないごみ,レンジ台（金属以外、７０㎝超）,,れ
燃やさないごみ,レンジ台（金属製）,,れ
燃やさないごみ,レンジフードファン,,れ
燃やさないごみ,ロープ（金属以外・７０㎝超）,１辺７０㎝以下に裁断すれば、燃やすごみ,ろ
燃やさないごみ,ローラースケート,,ろ
燃やさないごみ,ローラーブレード,,ろ
燃やさないごみ,ロッカー（金属製）,,ろ
燃やさないごみ,ロッキングチェア（金属製）,,ろ
燃やさないごみ,ワープロ,「ワープロ」と表示,わ
燃やさないごみ,ワイヤーロープ,,わ
燃やさないごみ,ワゴン（金属以外、７０㎝以下）,,わ
燃やさないごみ,ワゴン（金属製）,,わ
燃やさないごみ,割れたガラス,紙で包み「危険」と表示,わ
燃やさないごみ,割れたコップ,紙で包み「危険」と表示,わ
資源,アイスクリームのカップ容器(プラスチック）,紙製のものは燃やすごみ,あ
資源,アルミ缶,ひと洗いする・つぶさない・たばこの吸いがらなどを入れない,あ
資源,いちごケース,,い
資源,インスタント食品のプラスチック容器,,い
資源,インスタントラーメンの袋,,い
資源,植木鉢（苗木ポット）,,う
資源,ウオッシャー液のプラスチックボトル,キャップを外す・中身を使いきってひと洗い,う
資源,液体ワックスのプラスチックボトル,キャップを外す・中身を使いきってひと洗い,え
資源,枝豆のネット,,え
資源,王冠（金属製）,,お
資源,王冠（プラスチック製）,,お
資源,お菓子の缶（２５㎝未満）,,お
資源,温度計（水銀を含む）,,お
資源,菓子の袋,裏が銀色でも対象,か
資源,菓子のプラスチック容器,,か
資源,カセットボンベ,使い切ってから火気のない屋外で穴をあける,か
資源,カップ麺の包装フィルム,,か
資源,カップ麺の容器（プラスチック製）,,か
資源,カレーのプラスチック容器,,か
資源,缶（飲料缶・缶詰）,,か
資源,缶（菓子缶・ミルク缶など、２５㎝未満）,,か
資源,缶（酒缶・燗のできるもの）,,か
資源,缶（スプレー缶）,使い切ってから火気のない屋外で穴をあける,か
資源,乾電池,,か
資源,キャップ（金属製）,,き
資源,キャラメルの包装フィルム,,き
資源,薬のシート,,く
資源,口紅の容器（プラスチック製）,,く
資源,蛍光灯(管）,,け
資源,化粧品のプラスチックボトル,キャップを外す,け
資源,化粧容器（プラスチック製）,,け
資源,紅茶のプラスチック容器,,こ
資源,米袋,紙製のものはダンボールと同じ扱い,こ
資源,魚のトレイ,スーパーの店頭回収をご利用ください,さ
資源,魚の包装フィルム,,さ
資源,湿布剤のフィルム,,し
資源,シャンプーのプラスチックボトル,キャップを外す,し
資源,充電式電池,電池リサイクル協力店でも回収しています,し
資源,食品のトレイ,スーパーの店頭回収をご利用ください,し
資源,食用油のプラスチックボトル,キャップを外す　　,し
資源,除湿機,「除湿機」と必ず表示,し
資源,スーパーの袋（レジ袋）,,す
資源,スチール缶,ひと洗いする・つぶさない・たばこの吸いがらなどを入れない,す
資源,スプレー缶,使い切ってから火気のない屋外で穴をあける,す
資源,洗剤のキャップ（プラスチック製）,,せ
資源,惣菜のトレイ,スーパーの店頭回収をご利用ください,そ
資源,惣菜のプラスチック容器,,そ
資源,ソースのプラスチックボトル,キャップを外す,そ
資源,体温計（水銀含む）,,た
資源,卓上ボンベ(カセットコンロ用）,使い切ってから火気のない屋外で穴をあける,た
資源,たばこの包装フィルム,,た
資源,卵パック(プラスチック製）,,た
資源,たまねぎのネット,,た
資源,チューブのキャップ（プラスチック製）,,ち
資源,トイレットペーパーの袋,,と
資源,豆腐のプラスチック容器,,と
資源,トレイ（食品用）,スーパーの店頭回収をご利用ください,と
資源,トロ箱,,と
資源,苗木ポット,,な
資源,納豆の包装フィルム,,な
資源,肉のトレイ,スーパーの店頭回収をご利用ください,に
資源,肉の包装フィルム,,に
資源,乳酸飲料のカップ容器,,に
資源,入浴剤のフタ（プラスチック製）,,に
資源,ノートの包装フィルム,,の
資源,海苔の缶（２５㎝未満）,,の
資源,海苔のプラスチック容器,,の
資源,バッテリー（携帯電話、電気製品）,なるべく、販売店に引き取りを依頼してください,は
資源,発泡スチロールの緩衝材,,は
資源,発泡スチロールの箱,,は
資源,発泡スチロールの容器,,は
資源,発泡トレイ,スーパーの店頭回収をご利用ください,は
資源,漂白剤のプラスチックボトル,キャップを外す,ひ
資源,プラスチック容器,,ふ
資源,プラスチック製容器・包装,,ふ
資源,ペットボトル,キャップを外す,へ
資源,ペットボトルのキャップ（金属製）,,へ
資源,ペットボトルのキャップ（プラスチック製）,,へ
資源,ペットボトルのラベル,,へ
資源,包装用フィルム,,ほ
資源,ボタン電池,電池リサイクル協力店でも回収しています,ほ
資源,マーガリンのプラスチック容器,,ま
資源,味噌のプラスチック容器,,み
資源,薬品のプラスチックボトル,キャップを外す,や
資源,薬品容器（プラスチック製）,,や
資源,野菜のトレイ,スーパーの店頭回収をご利用ください,や
資源,野菜の包装フィルム,,や
資源,ヨーグルトのカップ容器,,よ
資源,ヨーグルトの包装フィルム,,よ
資源,リンスのプラスチックボトル,キャップを外す,り
資源,冷水器,なるべく、販売店に引き取りを依頼してください。資源の日に出す場合はフロン回収製品・冷水器と表示,れ
資源,レジ袋,,れ
燃やすごみ,アイスノン,,あ
燃やすごみ,アイスボックス（７０㎝以下）,,あ
燃やすごみ,アイロン台（７０㎝以下）,,あ
燃やすごみ,足こぎ四輪車（幼児用）（「金属製または電動製」以外）,,あ
燃やすごみ,足ふきマット（繊維製・ゴム製、７０㎝以下）,広げたときに７０㎝を超えているものは、有料粗大ごみ,あ
燃やすごみ,アルバム,金具類はなるべく外してあき缶以外の金属に出す,あ
燃やすごみ,アルミ箔,,あ
燃やすごみ,アルミ箔の芯（紙製等）,,あ
燃やすごみ,安全ピン（金属以外）,,あ
燃やすごみ,衣装掛け（金属以外、７０㎝以下）,,い
燃やすごみ,衣装ケース（金属以外、７０㎝以下）,,い
燃やすごみ,いす（金属以外、７０㎝以下）,,い
燃やすごみ,板きれ（７０㎝まで）*太さ１０ｃｍ程度まで,ひもでしばって束ねて１回３束程度を目安に・多い場合は有料戸別収集で,い
燃やすごみ,衣類,,い
燃やすごみ,インクカートリッジ,なるべく販売店にひき取ってもらってください,い
燃やすごみ,インクリボン,なるべく販売店にひき取ってもらってください,い
燃やすごみ,植木台（金属以外・７０㎝以下）,,う
燃やすごみ,植木鉢（プラスチック製）,,う
燃やすごみ,浮き輪（７０㎝以下）,空気を抜いて,う
燃やすごみ,ウッドカーペット（７０㎝以下）,広げたときに７０㎝を超えているものは、有料粗大ごみ,う
燃やすごみ,枝きれ（太さ10㎝程度、長さ７０㎝まで）,ひもでしばって束ねて１回３束程度を目安に・多い場合は有料戸別収集で,え
燃やすごみ,縁台（金属以外・７０㎝以下）,,え
燃やすごみ,鉛筆削り（電動製以外）,,え
燃やすごみ,桶（金属以外・７０㎝以下）,,お
燃やすごみ,押し入れだんす（７０㎝以下）,,お
燃やすごみ,落ち葉,１回３袋程度を目安に・多い場合は有料戸別収集で,お
燃やすごみ,おまる(幼児用）,汚物はトイレに捨てる,お
燃やすごみ,おむつ,汚物はトイレに捨てる,お
燃やすごみ,おもちゃ（「金属製または電動製」以外のもの）,,お
燃やすごみ,折りたたみいす（金属以外、７０㎝以下）,,お
燃やすごみ,折りたたみテーブル（金属以外、７０㎝以下）,ガラス製のものは、埋立ごみ,お
燃やすごみ,カーテン（７０㎝以下）,広げたときに７０㎝を超えているものは、埋立ごみ,か
燃やすごみ,カーテンレール（金属以外、７０㎝以下）,,か
燃やすごみ,カーペット（７０㎝以下）,広げたときに７０㎝を超えているものは、有料粗大ごみ,か
燃やすごみ,カーボン紙,,か
燃やすごみ,貝殻（食べ残し）,,か
燃やすごみ,回転ハンガー（金属以外、７０㎝以下）,,か
燃やすごみ,学習机（金属以外、７０㎝以下）,,か
燃やすごみ,傘立て(プラスチック製）,,か
燃やすごみ,傘の布・ビニール,,か
燃やすごみ,菓子箱,できるだけ、各校下・地区の集団回収をご利用ください,か
燃やすごみ,カセットテープ,,か
燃やすごみ,カセットテープのケース,,か
燃やすごみ,カップ麺の容器（紙製）,,か
燃やすごみ,かつら,,か
燃やすごみ,かばん（アタッシュケース）（金属以外）,,か
燃やすごみ,かばん（革製）,,か
燃やすごみ,かばん（ナイロン製・ビニル製）,塩化ビニル製のものは埋立ごみへ,か
燃やすごみ,かばん（ランドセル）,,か
燃やすごみ,紙おむつ,汚物はトイレに捨てる,か
燃やすごみ,紙くず,,か
燃やすごみ,神棚（７０㎝以下）,,か
燃やすごみ,紙パック（裏がアルミ処理してあるもの）,,か
燃やすごみ,紙パック（裏がアルミ処理してないもの）,各校下・地区の集団回収をご利用ください（水で洗って切り開き乾かす）,か
燃やすごみ,カメラケース,,か
燃やすごみ,カラーボックス（７０㎝以下）,,か
燃やすごみ,革靴,,か
燃やすごみ,皮むき器（プラスチック製）,,か
燃やすごみ,簡易トイレ,汚物はトイレに捨てる,か
燃やすごみ,換気扇カバー,,か
燃やすごみ,乾燥剤,,か
燃やすごみ,感熱紙,,か
燃やすごみ,ギター（７０㎝以下）,,き
燃やすごみ,ギターケース（７０㎝以下）,,き
燃やすごみ,キッチンマット（繊維製・ゴム製、７０㎝以下）,広げたときに７０㎝を超えているものは、有料粗大ごみ,き
燃やすごみ,牛乳パック,各校下・地区の集団回収をご利用ください（水で洗って切り開き乾かす）,き
燃やすごみ,空気入れ（金属以外）,,く
燃やすごみ,クーラーボックス（７０㎝以下）,,く
燃やすごみ,草ごみ,どろをはらって乾燥させる,く
燃やすごみ,鎖（金属以外）,,く
燃やすごみ,串(木製）,先を折って危なくないように,く
燃やすごみ,くつ（ズック、革靴、革ブーツ、サンダル）,,く
燃やすごみ,くつのスパイク（金属以外）,,く
燃やすごみ,くつ下,,く
燃やすごみ,クッション（７０㎝以下）,,く
燃やすごみ,グラタン皿（アルミ製）,,く
燃やすごみ,車(幼児用）（「金属製または電動製」以外・７０㎝以下),,く
燃やすごみ,グローブ（野球用など）,,く
燃やすごみ,ゲームソフト,カセットタイプのものは、埋立ごみの日の金属,け
燃やすごみ,げた箱（金属以外、７０㎝以下）,増改築に伴うものは請け負った業者に処分してもらう,け
燃やすごみ,ケチャップのチューブ,キャップは資源（容プラ）,け
燃やすごみ,玄関マット（繊維製・ゴム製、７０㎝以下）,広げたときに７０㎝を超えているものは、有料粗大ごみ,け
燃やすごみ,剣道用具（こて）,,け
燃やすごみ,剣道用具（竹刀、７０㎝以下）,,け
燃やすごみ,剣道用具（胴）,,け
燃やすごみ,工作用のりのチューブ,キャップを外す,こ
燃やすごみ,ゴーグル,,こ
燃やすごみ,コートハンガー（金属以外、７０㎝以下）,,こ
燃やすごみ,氷枕（ゴム製）,,こ
燃やすごみ,ござ（７０㎝以下）,広げたときに７０㎝を超えているものは、有料粗大ごみ,こ
燃やすごみ,コップ（プラスチック製）,,こ
燃やすごみ,碁盤（厚さ１０㎝未満）,,こ
燃やすごみ,ごみ箱(金属以外）,,こ
燃やすごみ,ゴム手袋,,こ
燃やすごみ,ゴム長靴,,こ
燃やすごみ,ゴムホース（７０㎝以下）,伸ばしたときに７０㎝を超えているものは、埋立ごみ,こ
燃やすごみ,米びつ（金属以外、７０㎝以下）,,こ
燃やすごみ,コルクボード（７０㎝以下）,,こ
燃やすごみ,ゴルフシューズ,,こ
燃やすごみ,コンポスト容器（７０㎝以下）,,こ
燃やすごみ,サーフボード（７０㎝以下）,,さ
燃やすごみ,裁縫箱（金属以外）,,さ
燃やすごみ,サインペン,,さ
燃やすごみ,さしこ（竹製鳥かご、７０㎝以下）,,さ
燃やすごみ,座卓（７０㎝以下）,,さ
燃やすごみ,雑誌,各校下・地区の集団回収をご利用ください,さ
燃やすごみ,座ぶとん（７０㎝以下）,,さ
燃やすごみ,ザル（プラスチック製）,,さ
燃やすごみ,三角コーナー（金属以外）,,さ
燃やすごみ,サンダル,,さ
燃やすごみ,ＣＤ,,し
燃やすごみ,ＣＤのケース,,し
燃やすごみ,シーツ（７０㎝以下）,,し
燃やすごみ,地下足袋,,し
燃やすごみ,下敷き,,し
燃やすごみ,漆器製食器（お椀など）,,し
燃やすごみ,湿布剤,,し
燃やすごみ,自動車カバー（７０㎝以下）,,し
燃やすごみ,竹刀（７０㎝以下）,,し
燃やすごみ,写真,,し
燃やすごみ,しゃもじ（木製）,,し
燃やすごみ,しゃもじ（プラスチック製）,,し
燃やすごみ,車両用ルーフボックス（７０㎝以下）,,し
燃やすごみ,シューズ,,し
燃やすごみ,シューズボックス（金属以外、７０㎝以下）,増改築に伴うものは請け負った業者に処分してもらう,し
燃やすごみ,じゅうたん（７０㎝以下）,広げたときに７０㎝を超えているものは、有料粗大ごみ,し
燃やすごみ,収納ケース・箱・ボックス（金属以外、７０㎝以下）,,し
燃やすごみ,収納棚（金属以外、７０㎝以下）,扉や戸がガラスのものは、埋立ごみへ,し
燃やすごみ,定規,,し
燃やすごみ,将棋駒,,し
燃やすごみ,将棋盤（厚さ１0㎝未満）,,し
燃やすごみ,障子（金属以外、７０㎝以下）,増改築に伴うものは請け負った業者に処分してもらう,し
燃やすごみ,照明器具のかさ（「金属製」以外）,,し
燃やすごみ,じょうろ(金属以外）,,し
燃やすごみ,除湿剤,,し
燃やすごみ,書棚（金属以外、７０㎝以下）,,し
燃やすごみ,食器（「金属製」以外）,,し
燃やすごみ,ショッピングかご(プラスチック製）,,し
燃やすごみ,人工肛門パック,汚物はトイレに捨てる,し
燃やすごみ,人工芝（７０㎝以下）,,し
燃やすごみ,新聞,各校下・地区の集団回収をご利用ください,し
燃やすごみ,吸い殻（たばこ）,火を完全に消してから,す
燃やすごみ,水筒（金属以外）,,す
燃やすごみ,スーツケース（金属以外、７０㎝以下）,,す
燃やすごみ,スキーウェア,,す
燃やすごみ,スコップ（金属以外）,７０㎝超のものは埋立ごみ,す
燃やすごみ,すだれ（竹製・プラスチック製・７０㎝以下）,,す
燃やすごみ,ズック,,す
燃やすごみ,砂（ペット用）,袋に可燃と記載されているものにかぎる、それ以外は埋立ごみ,す
燃やすごみ,スノーダンプ（金属以外・７０㎝以下）,,す
燃やすごみ,すのこ（７０㎝以下）,,す
燃やすごみ,スプーン（プラスチック製）,,す
燃やすごみ,すべり台（７０㎝以下）,,す
燃やすごみ,スポンジ,,す
燃やすごみ,スリッパ,,す
燃やすごみ,スリッパ立て（金属以外・７０㎝以下）,,す
燃やすごみ,生理用品,,せ
燃やすごみ,石油ポンプ（手動式）,,せ
燃やすごみ,洗車ブラシ,,せ
燃やすごみ,洗濯ばさみ（金属以外）,,せ
燃やすごみ,洗濯用ハンガー（金属以外）,,せ
燃やすごみ,洗面器（プラスチック製）,,せ
燃やすごみ,ソファー（７０㎝以下・スプリングなし）,,そ
燃やすごみ,ソファーベッド（７０㎝以下・スプリングなし）,,そ
燃やすごみ,そり,,そ
燃やすごみ,そろばん,,そ
燃やすごみ,タイヤゴムチューブ(自転車用）,,た
燃やすごみ,タイヤチェーン（金属以外）,,た
燃やすごみ,タオル,,た
燃やすごみ,タオルケット（７０㎝以下）,広げたときに７０㎝を超えているものは、有料粗大ごみ,た
燃やすごみ,竹串,先を折って危なくないように,た
燃やすごみ,竹馬（竹・木製、７０㎝以下）,,た
燃やすごみ,竹ぼうき（７０㎝以下）,,た
燃やすごみ,畳（７０㎝以下）,増改築に伴うものは請け負った業者に処分してもらう,た
燃やすごみ,卓球台（７０㎝以下）,,た
燃やすごみ,脱酸素剤,,た
燃やすごみ,タッパ,,た
燃やすごみ,たばこの吸いがら,火を完全に消してから,た
燃やすごみ,卵パック(紙）,,た
燃やすごみ,たらい(金属以外）,,た
燃やすごみ,たる（７０ｎ㎝以下）,,た
燃やすごみ,たわし(金属以外）,,た
燃やすごみ,たんす（７０㎝以下）,,た
燃やすごみ,ダンベル（金属以外）,,た
燃やすごみ,ダンボール,各校下・地区の集団回収をご利用ください（ガムテープ、止め金具を取り除く）,た
燃やすごみ,チェーン（金属以外）,,ち
燃やすごみ,チェスト（７０㎝以下）,,ち
燃やすごみ,茶だんす（７０㎝以下）,,ち
燃やすごみ,チューブ（自転車用）,,ち
燃やすごみ,チョーク,,ち
燃やすごみ,チラシ,各校下・地区の集団回収をご利用ください,ち
燃やすごみ,ちりとり（金属以外）,,ち
燃やすごみ,ついたて（金属以外、７０㎝以下）,,つ
燃やすごみ,机（金属以外、７０㎝以下）,,つ
燃やすごみ,DVD（ソフト）,,て
燃やすごみ,ティッシュくず,,て
燃やすごみ,テーブル（金属以外、７０㎝以下）,,て
燃やすごみ,デスクマット（７０㎝以下）,広げたときに７０㎝を超えているものは、有料粗大ごみ,て
燃やすごみ,手袋（ゴム手袋含む）,,て
燃やすごみ,テレビ台（金属以外、７０㎝以下）,扉や戸がガラスのものは、埋立ごみへ,て
燃やすごみ,点滴用パック（在宅治療用）,,て
燃やすごみ,天ぷら油,紙や布にしみこませて,て
燃やすごみ,胴（剣道用具）,,と
燃やすごみ,戸棚（金属以外、７０㎝以下）,扉や戸がガラスのものは、埋立ごみへ,と
燃やすごみ,トランク（金属以外、７０㎝以下）,,と
燃やすごみ,鳥かご（金属以外),,と
燃やすごみ,塗料容器（プラスチック製）,中身が残っているものは市で収集しませんので専門業者に処分を依頼してください,と
燃やすごみ,鍋焼きうどんの容器（アルミ製）,,な
燃やすごみ,生ごみ,水切りを十分にして,な
燃やすごみ,波板（金属以外、７０㎝以下）,広げたときに７０㎝を超えているものは、有料粗大ごみ,な
燃やすごみ,荷造り用ひもバンド（７０㎝以下）,,に
燃やすごみ,人形（ぬいぐるみ、７０㎝以下）,,に
燃やすごみ,人形（プラスチック製）,,に
燃やすごみ,ぬいぐるみ（７０㎝まで）,,ぬ
燃やすごみ,布くず,,ぬ
燃やすごみ,ネクタイ,,ね
燃やすごみ,猫砂（紙・木・プラスチック製）,,ね
燃やすごみ,寝袋（７０㎝以下）,,ね
燃やすごみ,練りわさびのチューブ,キャップは資源（容プラ）,ね
燃やすごみ,ノンカーボン紙,,の
燃やすごみ,パイプいす（金属以外、７０㎝以下）,,は
燃やすごみ,廃油処理箱,,は
燃やすごみ,バインダー,金具類はなるべく外して埋立ごみの日の金属に出す,は
燃やすごみ,はきもの,スキー靴は埋立ごみ,は
燃やすごみ,バケツ（プラスチック製）,,は
燃やすごみ,はしご（金属以外、７０㎝以下）,,は
燃やすごみ,バスケットゴール（金属以外、７０㎝以下）,,は
燃やすごみ,バスマット（７０㎝以下）,広げたときに７０㎝を超えているものは、有料粗大ごみ,は
燃やすごみ,パソコン机（金属以外、７０㎝以下）,,は
燃やすごみ,パソコン用ラック（金属以外、７０㎝以下）,,は
燃やすごみ,バット（木製、７０㎝以下）,,は
燃やすごみ,花台（金属以外、７０㎝以下）,,は
燃やすごみ,花火,水で湿らせる,は
燃やすごみ,歯ブラシ（プラスチック製）,,は
燃やすごみ,歯磨き粉のチューブ,キャップは資源（容プラ）,は
燃やすごみ,ハンガー（プラスチック製・木製）,,は
燃やすごみ,ハンガースタンド（金属以外、７０㎝以下）,,は
燃やすごみ,ハンカチ,,は
燃やすごみ,ハンドバッグ（革製）,,は
燃やすごみ,パンフレット,各校下・地区の集団回収をご利用ください,は
燃やすごみ,ハンマー（ゴム製）,,は
燃やすごみ,ハンマー（木製、７０㎝以下）,,は
燃やすごみ,ＰＰバンド（７０㎝以下）,,ひ
燃やすごみ,ピアニカ,,ひ
燃やすごみ,ビーズ,,ひ
燃やすごみ,ビデオテープ,,ひ
燃やすごみ,肥料袋,,ひ
燃やすごみ,屏風（７０㎝以下）,,ひ
燃やすごみ,ファンシーケース（金属以外、７０㎝以下）,,ふ
燃やすごみ,フィルムのネガ,,ふ
燃やすごみ,ブーツ（革製）,,ふ
燃やすごみ,封筒,各校下・地区の集団回収をご利用ください（窓付き封筒はセロファンを取り除く）,ふ
燃やすごみ,フォーク（プラスチック製）,,ふ
燃やすごみ,腹膜透析パック,汚物はトイレに捨てる,ふ
燃やすごみ,ふすま（７０㎝以下）,増改築に伴うものは請け負った業者に処分してもらう,ふ
燃やすごみ,筆箱（金属以外）,,ふ
燃やすごみ,ふとん（７０㎝以下）,広げたときに７０㎝を超えているものは、有料粗大ごみ,ふ
燃やすごみ,ふとん圧縮袋,,ふ
燃やすごみ,ふとんたたき（金属以外）,,ふ
燃やすごみ,フラワースタンド（金属以外）,,ふ
燃やすごみ,ブランコ（金属以外、７０㎝以下）,,ふ
燃やすごみ,プランター,７０㎝超のものは埋立ごみ,ふ
燃やすごみ,古着（綿製品）,各校下・地区の集団回収をご利用ください（洗って、たたんで束ねる）,ふ
燃やすごみ,風呂椅子,,ふ
燃やすごみ,フロッピーディスク,,ふ
燃やすごみ,風呂マット（７０㎝以下）,広げたときに７０㎝を超えているものは、有料粗大ごみ,ふ
燃やすごみ,ヘアーカーラー,,へ
燃やすごみ,ヘアーブラシ（金属以外）,,へ
燃やすごみ,ベッド（金属以外、７０㎝以下）,,へ
燃やすごみ,ペット小屋（金属以外、７０㎝以下）,,へ
燃やすごみ,ペットシーツ,汚物はトイレに捨てる,へ
燃やすごみ,ペットのフン,汚物はトイレに捨てる,へ
燃やすごみ,ベッドマット（７０㎝以下）,スプリングが入っているものは、埋立ごみ,へ
燃やすごみ,ベッドマットレス（７０㎝以下）,スプリングが入っているものは、埋立ごみ,へ
燃やすごみ,ベニヤ板（７０㎝以下）,,へ
燃やすごみ,ベビーバス（７０㎝以下）,,へ
燃やすごみ,ベビーベッド（金属以外、７０㎝以下）,,へ
燃やすごみ,ベビー用カタカタ,,へ
燃やすごみ,ベランダ収納庫（金属以外、７０㎝以下）,,へ
燃やすごみ,ベルト,金属部分は取り外し、埋立ごみの日の金属へ,へ
燃やすごみ,ヘルメット,,へ
燃やすごみ,便座,温水洗浄機付便座は埋立ごみの日の金属へ,へ
燃やすごみ,ベンチ（金属以外、７０㎝以下）,,へ
燃やすごみ,ほうき（７０㎝以下）,,ほ
燃やすごみ,ボウル（金属以外）,,ほ
燃やすごみ,ホースリール（金属以外）,,ほ
燃やすごみ,ポータブルトイレ,汚物はトイレに捨てる,ほ
燃やすごみ,ホームラック（金属以外、７０㎝以下）,扉や戸がガラスのものは、埋立ごみへ,ほ
燃やすごみ,ボール（ゴルフ・野球・サッカー・テニスなど）,,ほ
燃やすごみ,ボールペン,,ほ
燃やすごみ,木刀（７０㎝以下）,,ほ
燃やすごみ,ボディーボード（７０㎝以下）,,ほ
燃やすごみ,ポリバケツ（７０㎝以下）,,ほ
燃やすごみ,保冷剤,,ほ
燃やすごみ,本棚（金属以外、７０㎝以下）,扉や戸がガラスのものは、埋立ごみへ,ほ
燃やすごみ,マージャンパイ,,ま
燃やすごみ,マガジンラック（金属以外、７０㎝以下）,,ま
燃やすごみ,枕（７０㎝以下）,,ま
燃やすごみ,マット（繊維製・ゴム製、７０㎝以下）,広げたときに７０㎝を超えているものは、有料粗大ごみ,ま
燃やすごみ,マットレス（７０㎝以下）,スプリングが入っているものは、埋立ごみ,ま
燃やすごみ,まな板,,ま
燃やすごみ,マフラー,,ま
燃やすごみ,マヨネーズのチューブ,キャップは資源（容プラ）,ま
燃やすごみ,マルチシート（家庭菜園用・７０㎝以下）,,ま
燃やすごみ,密封容器,,み
燃やすごみ,虫かご,,む
燃やすごみ,むしろ（７０㎝以下）,広げたときに７０㎝を超えているものは、埋立ごみ,む
燃やすごみ,めがねケース（金属以外）,,め
燃やすごみ,毛布（７０㎝以下）,広げたときに７０㎝を超えているものは、有料粗大ごみ,も
燃やすごみ,物干しざお（金属以外、７０㎝以下）,,も
燃やすごみ,焼き鳥の串,先を折って危なくないように,や
燃やすごみ,湯たんぽ（金属以外）,,ゆ
燃やすごみ,ゆりかご,,ゆ
燃やすごみ,洋だんす（７０㎝以下）,,よ
燃やすごみ,よしず（７０㎝以下）,,よ
燃やすごみ,ライティングデスク（金属以外、７０㎝以下）,,ら
燃やすごみ,ラップの芯,,ら
燃やすごみ,ランドセル,,ら
燃やすごみ,リビングボード（７０㎝以下）,扉や戸がガラスのものは、埋立ごみへ,り
燃やすごみ,旅行かばん（金属以外、７０㎝以下）,,り
燃やすごみ,レーザーディスク（ソフト）,,れ
燃やすごみ,レコード,,れ
燃やすごみ,レジャーテーブル（金属以外、７０㎝以下）,,れ
燃やすごみ,レンジ台（金属以外、７０㎝以下）,,れ
燃やすごみ,ロープ（金属以外・７０㎝以下）,,ろ
燃やすごみ,ローボード（７０㎝以下）,扉や戸がガラスのものは、埋立ごみへ,ろ
燃やすごみ,ロッカー（金属以外、７０㎝以下）,,ろ
燃やすごみ,ロッキングチェア（金属以外、７０㎝以下）,,ろ
燃やすごみ,和だんす（７０㎝以下）,,わ
びん,一升びん,酒屋さんなどへ返しましょう・キャップを外してひと洗い,い
びん,ウィスキーのびん,キャップを外してひと洗い・割れたものも回収します,う
びん,カップ酒のびん,キャップを外してひと洗い,か
びん,サラダ油のびん,キャップを外してひと洗い,さ
びん,ジュースのびん,キャップを外してひと洗い,し
びん,ドリンク剤のびん,キャップを外してひと洗い,と
びん,ハチミツのびん,キャップを外してひと洗い,は
びん,ビールびん,酒屋さんなどへ返しましょう,ひ
